captura,airbnb_listing_id,n_datas,d_min,d_max
2025-01-06 00:00:00+00:00,1977915,53,2025-02-13,2025-04-06
2025-01-06 00:00:00+00:00,3263701,22,2025-02-08,2025-04-06
2025-01-06 00:00:00+00:00,6569062,90,2025-01-06,2025-04-05
2025-01-06 00:00:00+00:00,8287843,61,2025-02-05,2025-04-06
2025-01-06 00:00:00+00:00,8838629,49,2025-01-21,2025-04-06
2025-01-06 00:00:00+00:00,8936081,27,2025-02-28,2025-04-06
2025-01-06 00:00:00+00:00,10340400,6,2025-03-06,2025-03-19
2025-01-06 00:00:00+00:00,11508986,13,2025-02-13,2025-03-08
2025-01-06 00:00:00+00:00,11567423,53,2025-01-20,2025-04-06
2025-01-06 00:00:00+00:00,12067632,30,2025-02-14,2025-03-31
2025-01-06 00:00:00+00:00,12359560,37,2025-02-13,2025-04-06
2025-01-06 00:00:00+00:00,12490354,63,2025-02-02,2025-04-05
2025-01-06 00:00:00+00:00,12931525,32,2025-01-15,2025-04-06
2025-01-06 00:00:00+00:00,13522176,32,2025-02-10,2025-04-06
2025-01-06 00:00:00+00:00,15500038,74,2025-01-15,2025-04-06
2025-01-06 00:00:00+00:00,15523493,49,2025-01-27,2025-04-06
2025-01-06 00:00:00+00:00,15549803,31,2025-01-13,2025-04-05
2025-01-06 00:00:00+00:00,15754075,37,2025-01-28,2025-03-31
2025-01-06 00:00:00+00:00,15909831,64,2025-02-02,2025-04-06
2025-01-06 00:00:00+00:00,15934309,56,2025-02-10,2025-04-06
2025-01-06 00:00:00+00:00,15980018,8,2025-03-30,2025-04-06
2025-01-06 00:00:00+00:00,16017693,36,2025-01-26,2025-03-31
2025-01-06 00:00:00+00:00,16105751,20,2025-01-29,2025-04-06
2025-01-06 00:00:00+00:00,16177778,63,2025-02-03,2025-04-06
2025-01-06 00:00:00+00:00,16253828,59,2025-01-29,2025-04-05
2025-01-06 00:00:00+00:00,16321793,60,2025-01-18,2025-04-06
2025-01-06 00:00:00+00:00,16451544,17,2025-03-05,2025-04-06
2025-01-06 00:00:00+00:00,16570256,47,2025-02-09,2025-04-06
2025-01-06 00:00:00+00:00,16586622,66,2025-01-31,2025-04-06
2025-01-06 00:00:00+00:00,16618715,73,2025-01-09,2025-04-05
2025-01-06 00:00:00+00:00,16644316,67,2025-01-06,2025-04-06
2025-01-06 00:00:00+00:00,16662563,62,2025-01-29,2025-03-31
2025-01-06 00:00:00+00:00,16992951,57,2025-01-21,2025-04-06
2025-01-06 00:00:00+00:00,17013106,59,2025-01-14,2025-04-06
2025-01-06 00:00:00+00:00,17034886,46,2025-01-06,2025-04-06
2025-01-06 00:00:00+00:00,17294276,40,2025-01-30,2025-03-31
2025-01-06 00:00:00+00:00,17511306,62,2025-01-24,2025-04-06
2025-01-06 00:00:00+00:00,17570590,54,2025-01-12,2025-04-06
2025-01-06 00:00:00+00:00,18395333,53,2025-02-09,2025-04-06
2025-01-06 00:00:00+00:00,18505349,17,2025-03-15,2025-04-06
2025-01-06 00:00:00+00:00,18506998,10,2025-03-04,2025-04-06
2025-01-06 00:00:00+00:00,18735821,44,2025-02-10,2025-04-06
2025-01-06 00:00:00+00:00,20618105,44,2025-01-13,2025-03-06
2025-01-06 00:00:00+00:00,20943549,51,2025-01-25,2025-04-06
2025-01-06 00:00:00+00:00,21025393,22,2025-02-15,2025-04-06
2025-01-06 00:00:00+00:00,21077682,56,2025-01-09,2025-04-06
2025-01-06 00:00:00+00:00,21091876,77,2025-01-08,2025-04-06
2025-01-06 00:00:00+00:00,21103486,63,2025-01-22,2025-04-06
2025-01-06 00:00:00+00:00,21280090,50,2025-01-16,2025-04-06
2025-01-06 00:00:00+00:00,21295667,39,2025-02-27,2025-04-06
2025-01-06 00:00:00+00:00,21324331,34,2025-02-05,2025-03-24
2025-01-06 00:00:00+00:00,21397811,58,2025-01-27,2025-04-06
2025-01-06 00:00:00+00:00,21454457,10,2025-02-19,2025-04-06
2025-01-06 00:00:00+00:00,21545686,58,2025-02-03,2025-04-06
2025-01-06 00:00:00+00:00,21552865,29,2025-01-16,2025-03-05
2025-01-06 00:00:00+00:00,21632405,34,2025-02-13,2025-04-05
2025-01-06 00:00:00+00:00,21662762,29,2025-01-30,2025-04-06
2025-01-06 00:00:00+00:00,21695053,68,2025-01-22,2025-04-06
2025-01-06 00:00:00+00:00,21734892,54,2025-02-12,2025-04-06
2025-01-06 00:00:00+00:00,21743476,56,2025-02-10,2025-04-06
2025-01-06 00:00:00+00:00,21780661,63,2025-01-28,2025-04-06
2025-01-06 00:00:00+00:00,22047595,46,2025-02-08,2025-04-06
2025-01-06 00:00:00+00:00,22190101,32,2025-02-24,2025-04-06
2025-01-06 00:00:00+00:00,22191680,69,2025-01-25,2025-04-06
2025-01-06 00:00:00+00:00,22223346,28,2025-02-23,2025-04-06
2025-01-06 00:00:00+00:00,22243318,38,2025-02-02,2025-04-06
2025-01-06 00:00:00+00:00,22245880,50,2025-01-25,2025-04-06
2025-01-06 00:00:00+00:00,22306996,16,2025-03-22,2025-04-06
2025-01-06 00:00:00+00:00,22307401,27,2025-02-24,2025-04-06
2025-01-06 00:00:00+00:00,22335276,67,2025-01-22,2025-04-05
2025-01-06 00:00:00+00:00,22421016,9,2025-02-15,2025-02-23
2025-01-06 00:00:00+00:00,22421421,42,2025-01-14,2025-04-06
2025-01-06 00:00:00+00:00,22421606,37,2025-01-12,2025-04-06
2025-01-06 00:00:00+00:00,22514231,36,2025-01-10,2025-04-06
2025-01-06 00:00:00+00:00,22739656,57,2025-01-27,2025-04-06
2025-01-06 00:00:00+00:00,22810332,51,2025-02-15,2025-04-06
2025-01-06 00:00:00+00:00,22901902,78,2025-01-19,2025-04-06
2025-01-06 00:00:00+00:00,23023313,54,2025-01-22,2025-04-05
2025-01-06 00:00:00+00:00,23108026,74,2025-01-07,2025-04-06
2025-01-06 00:00:00+00:00,23299596,36,2025-01-15,2025-03-28
2025-01-06 00:00:00+00:00,23343001,71,2025-01-20,2025-03-31
2025-01-06 00:00:00+00:00,23787711,90,2025-01-06,2025-04-05
2025-01-06 00:00:00+00:00,24171739,15,2025-03-22,2025-04-05
2025-01-06 00:00:00+00:00,25104649,56,2025-01-06,2025-04-06
2025-01-06 00:00:00+00:00,25165914,73,2025-01-08,2025-04-06
2025-01-06 00:00:00+00:00,26026295,22,2025-01-21,2025-04-06
2025-01-06 00:00:00+00:00,26197944,55,2025-02-05,2025-03-31
2025-01-06 00:00:00+00:00,26334990,53,2025-01-31,2025-04-06
2025-01-06 00:00:00+00:00,26570136,67,2025-01-16,2025-04-06
2025-01-06 00:00:00+00:00,26708551,57,2025-01-14,2025-04-06
2025-01-06 00:00:00+00:00,26839303,41,2025-01-24,2025-04-06
2025-01-06 00:00:00+00:00,26895628,30,2025-02-13,2025-04-06
2025-01-06 00:00:00+00:00,27022969,52,2025-01-08,2025-02-28
2025-01-06 00:00:00+00:00,27201205,25,2025-01-23,2025-04-06
2025-01-06 00:00:00+00:00,27338096,89,2025-01-08,2025-04-06
2025-01-06 00:00:00+00:00,27704027,70,2025-01-27,2025-04-06
2025-01-06 00:00:00+00:00,27718978,13,2025-03-09,2025-04-06
2025-01-06 00:00:00+00:00,27981528,50,2025-01-15,2025-03-05
2025-01-06 00:00:00+00:00,28071688,29,2025-02-28,2025-04-05
2025-01-06 00:00:00+00:00,28075525,28,2025-02-26,2025-04-05
2025-01-06 00:00:00+00:00,28160414,47,2025-02-19,2025-04-06
2025-01-06 00:00:00+00:00,28366360,59,2025-01-10,2025-04-06
2025-01-06 00:00:00+00:00,28410850,22,2025-03-15,2025-04-05
2025-01-06 00:00:00+00:00,28932247,49,2025-02-04,2025-04-06
2025-01-06 00:00:00+00:00,29008738,45,2025-01-15,2025-04-06
2025-01-06 00:00:00+00:00,29114516,22,2025-02-17,2025-04-06
2025-01-06 00:00:00+00:00,29145061,56,2025-01-08,2025-04-05
2025-01-06 00:00:00+00:00,29302246,58,2025-01-22,2025-04-06
2025-01-06 00:00:00+00:00,29761442,11,2025-02-09,2025-03-14
2025-01-06 00:00:00+00:00,29800671,31,2025-01-21,2025-03-07
2025-01-06 00:00:00+00:00,29870406,76,2025-01-09,2025-04-06
2025-01-06 00:00:00+00:00,30032994,56,2025-01-17,2025-04-05
2025-01-06 00:00:00+00:00,30085847,74,2025-01-08,2025-04-06
2025-01-06 00:00:00+00:00,30098696,10,2025-01-23,2025-02-01
2025-01-06 00:00:00+00:00,30105402,77,2025-01-20,2025-04-06
2025-01-06 00:00:00+00:00,30153564,40,2025-02-03,2025-04-05
2025-01-06 00:00:00+00:00,30332330,46,2025-01-27,2025-04-06
2025-01-06 00:00:00+00:00,30402651,63,2025-01-07,2025-03-31
2025-01-06 00:00:00+00:00,30491733,48,2025-01-27,2025-04-06
2025-01-06 00:00:00+00:00,30493854,41,2025-02-19,2025-03-31
2025-01-06 00:00:00+00:00,30494198,75,2025-01-06,2025-04-05
2025-01-06 00:00:00+00:00,30560948,71,2025-01-14,2025-04-06
2025-01-06 00:00:00+00:00,30785010,44,2025-01-10,2025-04-06
2025-01-06 00:00:00+00:00,30795921,22,2025-03-16,2025-04-06
2025-01-06 00:00:00+00:00,30910938,42,2025-02-15,2025-04-06
2025-01-06 00:00:00+00:00,30922946,71,2025-01-12,2025-04-06
2025-01-06 00:00:00+00:00,31055581,45,2025-02-15,2025-04-06
2025-01-06 00:00:00+00:00,31059537,68,2025-01-11,2025-04-06
2025-01-06 00:00:00+00:00,31069380,21,2025-01-14,2025-03-09
2025-01-06 00:00:00+00:00,31122806,25,2025-01-07,2025-01-31
2025-01-06 00:00:00+00:00,31284638,20,2025-01-31,2025-03-01
2025-01-06 00:00:00+00:00,31380471,64,2025-01-16,2025-04-06
2025-01-06 00:00:00+00:00,31530689,70,2025-01-17,2025-04-06
2025-01-06 00:00:00+00:00,31543199,30,2025-02-27,2025-04-06
2025-01-06 00:00:00+00:00,31560419,33,2025-02-04,2025-04-05
2025-01-06 00:00:00+00:00,31682871,41,2025-01-30,2025-03-31
2025-01-06 00:00:00+00:00,31859744,63,2025-02-03,2025-04-06
2025-01-06 00:00:00+00:00,31945494,59,2025-02-03,2025-04-06
2025-01-06 00:00:00+00:00,31972121,59,2025-01-30,2025-04-06
2025-01-06 00:00:00+00:00,32185033,33,2025-01-25,2025-04-06
2025-01-06 00:00:00+00:00,32234626,38,2025-02-03,2025-04-06
2025-01-06 00:00:00+00:00,32371924,20,2025-01-25,2025-04-06
2025-01-06 00:00:00+00:00,32486859,40,2025-01-10,2025-04-06
2025-01-06 00:00:00+00:00,32585103,48,2025-01-28,2025-04-06
2025-01-06 00:00:00+00:00,32592683,35,2025-01-22,2025-04-06
2025-01-06 00:00:00+00:00,32600458,43,2025-01-19,2025-04-06
2025-01-06 00:00:00+00:00,32606991,63,2025-01-24,2025-04-06
2025-01-06 00:00:00+00:00,32990586,70,2025-01-27,2025-04-06
2025-01-06 00:00:00+00:00,33336758,35,2025-02-12,2025-04-05
2025-01-06 00:00:00+00:00,34218930,44,2025-01-27,2025-04-05
2025-01-06 00:00:00+00:00,34540951,56,2025-01-30,2025-04-06
2025-01-06 00:00:00+00:00,34866449,59,2025-01-18,2025-04-06
2025-01-06 00:00:00+00:00,35481220,84,2025-01-07,2025-03-31
2025-01-06 00:00:00+00:00,36032020,16,2025-02-20,2025-04-06
2025-01-06 00:00:00+00:00,36632832,60,2025-01-15,2025-04-06
2025-01-06 00:00:00+00:00,36698654,79,2025-01-18,2025-04-06
2025-01-06 00:00:00+00:00,36908385,23,2025-02-24,2025-03-31
2025-01-06 00:00:00+00:00,37118794,40,2025-02-26,2025-04-06
2025-01-06 00:00:00+00:00,37347085,76,2025-01-19,2025-04-06
2025-01-06 00:00:00+00:00,37487828,35,2025-01-15,2025-04-06
2025-01-06 00:00:00+00:00,37494985,70,2025-01-16,2025-04-06
2025-01-06 00:00:00+00:00,37708447,30,2025-02-16,2025-04-06
2025-01-06 00:00:00+00:00,38262480,27,2025-01-31,2025-02-26
2025-01-06 00:00:00+00:00,38319706,64,2025-01-13,2025-04-06
2025-01-06 00:00:00+00:00,38447436,87,2025-01-10,2025-04-06
2025-01-06 00:00:00+00:00,38514587,78,2025-01-19,2025-04-06
2025-01-06 00:00:00+00:00,38616586,38,2025-02-23,2025-04-06
2025-01-06 00:00:00+00:00,38638326,66,2025-01-24,2025-04-06
2025-01-06 00:00:00+00:00,38693604,71,2025-01-21,2025-04-06
2025-01-06 00:00:00+00:00,38695314,48,2025-01-12,2025-04-06
2025-01-06 00:00:00+00:00,38730549,64,2025-01-19,2025-04-06
2025-01-06 00:00:00+00:00,38800430,33,2025-02-08,2025-04-06
2025-01-06 00:00:00+00:00,38852725,48,2025-01-26,2025-04-06
2025-01-06 00:00:00+00:00,38899673,64,2025-01-23,2025-04-05
2025-01-06 00:00:00+00:00,38957661,39,2025-02-03,2025-04-06
2025-01-06 00:00:00+00:00,38980085,72,2025-01-25,2025-04-06
2025-01-06 00:00:00+00:00,39007372,81,2025-01-16,2025-04-06
2025-01-06 00:00:00+00:00,39051477,78,2025-01-19,2025-04-06
2025-01-06 00:00:00+00:00,39109062,60,2025-01-29,2025-04-06
2025-01-06 00:00:00+00:00,39145712,28,2025-02-07,2025-03-24
2025-01-06 00:00:00+00:00,39394196,23,2025-03-15,2025-04-06
2025-01-06 00:00:00+00:00,39394644,76,2025-01-21,2025-04-06
2025-01-06 00:00:00+00:00,39414948,50,2025-02-03,2025-04-06
2025-01-06 00:00:00+00:00,39420557,33,2025-01-27,2025-03-09
2025-01-06 00:00:00+00:00,39507664,22,2025-03-01,2025-04-06
2025-01-06 00:00:00+00:00,39583346,34,2025-01-27,2025-04-05
2025-01-06 00:00:00+00:00,39629644,27,2025-02-15,2025-04-01
2025-01-06 00:00:00+00:00,39635217,15,2025-03-23,2025-04-06
2025-01-06 00:00:00+00:00,39642773,46,2025-02-20,2025-04-06
2025-01-06 00:00:00+00:00,39685785,53,2025-02-07,2025-03-31
2025-01-06 00:00:00+00:00,39715668,48,2025-01-14,2025-04-05
2025-01-06 00:00:00+00:00,39820601,33,2025-03-05,2025-04-06
2025-01-06 00:00:00+00:00,39837626,23,2025-03-04,2025-03-31
2025-01-06 00:00:00+00:00,39972515,45,2025-02-08,2025-04-06
2025-01-06 00:00:00+00:00,40023421,85,2025-01-12,2025-04-06
2025-01-06 00:00:00+00:00,40039627,70,2025-01-07,2025-04-06
2025-01-06 00:00:00+00:00,40209404,57,2025-01-14,2025-04-06
2025-01-06 00:00:00+00:00,40236441,47,2025-01-14,2025-03-31
2025-01-06 00:00:00+00:00,40246675,30,2025-02-25,2025-04-06
2025-01-06 00:00:00+00:00,40250642,73,2025-01-18,2025-03-31
2025-01-06 00:00:00+00:00,40342798,67,2025-01-30,2025-04-06
2025-01-06 00:00:00+00:00,40351988,44,2025-02-15,2025-04-06
2025-01-06 00:00:00+00:00,40371384,77,2025-01-06,2025-04-06
2025-01-06 00:00:00+00:00,40449599,58,2025-01-28,2025-04-06
2025-01-06 00:00:00+00:00,40560834,76,2025-01-16,2025-04-06
2025-01-06 00:00:00+00:00,40777141,9,2025-01-29,2025-02-27
2025-01-06 00:00:00+00:00,40794806,52,2025-01-13,2025-03-05
2025-01-06 00:00:00+00:00,40892344,46,2025-01-27,2025-04-06
2025-01-06 00:00:00+00:00,40960741,75,2025-01-17,2025-04-06
2025-01-06 00:00:00+00:00,40971559,30,2025-01-29,2025-02-27
2025-01-06 00:00:00+00:00,41141790,15,2025-02-24,2025-03-10
2025-01-06 00:00:00+00:00,41147466,31,2025-03-07,2025-04-06
2025-01-06 00:00:00+00:00,41193865,55,2025-01-15,2025-04-06
2025-01-06 00:00:00+00:00,41227471,67,2025-01-11,2025-04-06
2025-01-06 00:00:00+00:00,41260111,70,2025-01-12,2025-04-06
2025-01-06 00:00:00+00:00,41270247,13,2025-02-22,2025-04-06
2025-01-06 00:00:00+00:00,41285546,77,2025-01-12,2025-04-05
2025-01-06 00:00:00+00:00,41404141,48,2025-02-12,2025-04-06
2025-01-06 00:00:00+00:00,41473656,17,2025-03-10,2025-04-06
2025-01-06 00:00:00+00:00,41493620,84,2025-01-13,2025-04-06
2025-01-06 00:00:00+00:00,41532894,56,2025-01-22,2025-04-06
2025-01-06 00:00:00+00:00,41590719,59,2025-01-14,2025-04-06
2025-01-06 00:00:00+00:00,41634696,84,2025-01-07,2025-04-06
2025-01-06 00:00:00+00:00,41676390,76,2025-01-21,2025-04-06
2025-01-06 00:00:00+00:00,41702158,33,2025-02-08,2025-04-06
2025-01-06 00:00:00+00:00,41761142,34,2025-01-16,2025-04-06
2025-01-06 00:00:00+00:00,41769298,71,2025-01-07,2025-03-31
2025-01-06 00:00:00+00:00,42003334,55,2025-01-30,2025-04-06
2025-01-06 00:00:00+00:00,42138941,69,2025-01-27,2025-04-05
2025-01-06 00:00:00+00:00,42335961,74,2025-01-08,2025-04-06
2025-01-06 00:00:00+00:00,42362925,59,2025-01-07,2025-04-06
2025-01-06 00:00:00+00:00,42515348,31,2025-02-18,2025-04-06
2025-01-06 00:00:00+00:00,42588365,31,2025-03-07,2025-04-06
2025-01-06 00:00:00+00:00,42625075,47,2025-01-06,2025-04-06
2025-01-06 00:00:00+00:00,42704327,64,2025-01-16,2025-04-06
2025-01-06 00:00:00+00:00,42735835,11,2025-01-28,2025-04-06
2025-01-06 00:00:00+00:00,42788291,54,2025-01-28,2025-04-02
2025-01-06 00:00:00+00:00,42841323,21,2025-01-20,2025-04-06
2025-01-06 00:00:00+00:00,43300431,88,2025-01-09,2025-04-06
2025-01-06 00:00:00+00:00,43379132,13,2025-01-29,2025-04-06
2025-01-06 00:00:00+00:00,43712530,21,2025-02-08,2025-02-28
2025-01-06 00:00:00+00:00,43754654,73,2025-01-23,2025-04-05
2025-01-06 00:00:00+00:00,44075219,12,2025-01-12,2025-01-23
2025-01-06 00:00:00+00:00,44369632,3,2025-01-15,2025-01-17
2025-01-06 00:00:00+00:00,44895797,5,2025-01-27,2025-01-31
2025-01-06 00:00:00+00:00,45002455,15,2025-02-27,2025-04-06
2025-01-06 00:00:00+00:00,45184991,62,2025-01-29,2025-03-31
2025-01-06 00:00:00+00:00,45382246,38,2025-01-31,2025-04-02
2025-01-06 00:00:00+00:00,45480718,11,2025-02-10,2025-04-02
2025-01-06 00:00:00+00:00,45531969,32,2025-03-06,2025-04-06
2025-01-06 00:00:00+00:00,45621607,57,2025-02-01,2025-04-06
2025-01-06 00:00:00+00:00,45726200,37,2025-01-11,2025-04-06
2025-01-06 00:00:00+00:00,45768161,69,2025-01-09,2025-04-06
2025-01-06 00:00:00+00:00,45803876,49,2025-01-20,2025-04-06
2025-01-06 00:00:00+00:00,45822839,64,2025-01-13,2025-04-06
2025-01-06 00:00:00+00:00,45889892,46,2025-01-13,2025-04-06
2025-01-06 00:00:00+00:00,45911573,30,2025-01-20,2025-03-05
2025-01-06 00:00:00+00:00,45911990,26,2025-01-27,2025-03-31
2025-01-06 00:00:00+00:00,45923984,20,2025-02-16,2025-04-06
2025-01-06 00:00:00+00:00,45973790,87,2025-01-06,2025-04-06
2025-01-06 00:00:00+00:00,46011731,21,2025-02-12,2025-04-06
2025-01-06 00:00:00+00:00,46036384,40,2025-02-01,2025-04-06
2025-01-06 00:00:00+00:00,46048925,77,2025-01-13,2025-04-06
2025-01-06 00:00:00+00:00,46048941,34,2025-02-11,2025-04-06
2025-01-06 00:00:00+00:00,46072703,34,2025-02-10,2025-04-05
2025-01-06 00:00:00+00:00,46088002,58,2025-01-28,2025-03-31
2025-01-06 00:00:00+00:00,46116173,20,2025-02-25,2025-04-06
2025-01-06 00:00:00+00:00,46220279,70,2025-01-27,2025-04-06
2025-01-06 00:00:00+00:00,46298558,37,2025-03-01,2025-04-06
2025-01-06 00:00:00+00:00,46327705,40,2025-02-16,2025-03-27
2025-01-06 00:00:00+00:00,46451253,57,2025-01-24,2025-04-06
2025-01-06 00:00:00+00:00,46530405,69,2025-01-24,2025-04-06
2025-01-06 00:00:00+00:00,46550767,47,2025-01-28,2025-03-31
2025-01-06 00:00:00+00:00,46598066,71,2025-01-26,2025-04-06
2025-01-06 00:00:00+00:00,46690986,91,2025-01-06,2025-04-06
2025-01-06 00:00:00+00:00,46710652,57,2025-01-26,2025-04-06
2025-01-06 00:00:00+00:00,46724379,86,2025-01-10,2025-04-05
2025-01-06 00:00:00+00:00,46769078,79,2025-01-07,2025-04-05
2025-01-06 00:00:00+00:00,46866680,53,2025-01-12,2025-04-06
2025-01-06 00:00:00+00:00,46878566,67,2025-01-29,2025-04-05
2025-01-06 00:00:00+00:00,46896012,45,2025-02-15,2025-03-31
2025-01-06 00:00:00+00:00,46990438,60,2025-01-31,2025-03-31
2025-01-06 00:00:00+00:00,47000276,28,2025-02-16,2025-04-06
2025-01-06 00:00:00+00:00,47006355,48,2025-01-25,2025-04-05
2025-01-06 00:00:00+00:00,47052262,46,2025-02-07,2025-04-06
2025-01-06 00:00:00+00:00,47089646,51,2025-02-15,2025-04-06
2025-01-06 00:00:00+00:00,47172145,60,2025-01-13,2025-04-05
2025-01-06 00:00:00+00:00,47213093,22,2025-02-17,2025-03-31
2025-01-06 00:00:00+00:00,47222306,47,2025-01-27,2025-04-06
2025-01-06 00:00:00+00:00,47232230,16,2025-02-12,2025-02-27
2025-01-06 00:00:00+00:00,47254288,58,2025-02-08,2025-04-06
2025-01-06 00:00:00+00:00,47260862,30,2025-01-29,2025-04-06
2025-01-06 00:00:00+00:00,47269826,12,2025-02-17,2025-02-28
2025-01-06 00:00:00+00:00,47325492,75,2025-01-22,2025-04-06
2025-01-06 00:00:00+00:00,47326216,73,2025-01-18,2025-04-06
2025-01-06 00:00:00+00:00,47558531,76,2025-01-21,2025-04-06
2025-01-06 00:00:00+00:00,47783121,38,2025-02-10,2025-04-06
2025-01-06 00:00:00+00:00,47816646,73,2025-01-12,2025-04-06
2025-01-06 00:00:00+00:00,47909482,56,2025-01-15,2025-04-06
2025-01-06 00:00:00+00:00,48080102,28,2025-02-23,2025-03-22
2025-01-06 00:00:00+00:00,48158176,27,2025-02-05,2025-04-06
2025-01-06 00:00:00+00:00,48243472,38,2025-01-12,2025-02-28
2025-01-06 00:00:00+00:00,48254075,20,2025-01-29,2025-02-28
2025-01-06 00:00:00+00:00,48526011,65,2025-01-18,2025-04-05
2025-01-06 00:00:00+00:00,48624860,7,2025-01-10,2025-04-06
2025-01-06 00:00:00+00:00,48699117,39,2025-01-12,2025-04-06
2025-01-06 00:00:00+00:00,48848529,76,2025-01-16,2025-04-06
2025-01-06 00:00:00+00:00,48941838,37,2025-02-08,2025-04-06
2025-01-06 00:00:00+00:00,49050392,46,2025-02-09,2025-03-31
2025-01-06 00:00:00+00:00,49123621,78,2025-01-06,2025-04-06
2025-01-06 00:00:00+00:00,49369605,16,2025-02-25,2025-04-02
2025-01-06 00:00:00+00:00,49824103,33,2025-02-24,2025-04-06
2025-01-06 00:00:00+00:00,49968308,24,2025-02-09,2025-03-31
2025-01-06 00:00:00+00:00,50047341,22,2025-02-17,2025-04-06
2025-01-06 00:00:00+00:00,50059423,30,2025-02-15,2025-04-06
2025-01-06 00:00:00+00:00,50085393,21,2025-01-28,2025-02-27
2025-01-06 00:00:00+00:00,50243281,35,2025-01-27,2025-04-06
2025-01-06 00:00:00+00:00,50535771,44,2025-01-11,2025-04-06
2025-01-06 00:00:00+00:00,50561328,5,2025-02-09,2025-02-27
2025-01-06 00:00:00+00:00,50958684,60,2025-01-12,2025-04-06
2025-01-06 00:00:00+00:00,51403736,55,2025-01-19,2025-04-06
2025-01-06 00:00:00+00:00,51405106,60,2025-02-01,2025-04-06
2025-01-06 00:00:00+00:00,51453135,71,2025-01-12,2025-03-31
2025-01-06 00:00:00+00:00,51669111,79,2025-01-08,2025-04-06
2025-01-06 00:00:00+00:00,51683537,22,2025-02-23,2025-04-06
2025-01-06 00:00:00+00:00,51785337,42,2025-02-12,2025-04-06
2025-01-06 00:00:00+00:00,51825638,60,2025-01-27,2025-04-06
2025-01-06 00:00:00+00:00,51866473,31,2025-02-18,2025-04-06
2025-01-06 00:00:00+00:00,52059007,91,2025-01-06,2025-04-06
2025-01-06 00:00:00+00:00,52172003,28,2025-03-10,2025-04-06
2025-01-06 00:00:00+00:00,52214716,65,2025-01-18,2025-04-06
2025-01-06 00:00:00+00:00,52266549,62,2025-01-27,2025-04-06
2025-01-06 00:00:00+00:00,52346232,45,2025-01-14,2025-04-06
2025-01-06 00:00:00+00:00,52354467,54,2025-02-01,2025-04-06
2025-01-06 00:00:00+00:00,52358821,84,2025-01-13,2025-04-06
2025-01-06 00:00:00+00:00,52472131,87,2025-01-10,2025-04-06
2025-01-06 00:00:00+00:00,52536443,6,2025-03-03,2025-03-31
2025-01-06 00:00:00+00:00,52596621,90,2025-01-07,2025-04-06
2025-01-06 00:00:00+00:00,52619006,53,2025-01-11,2025-04-05
2025-01-06 00:00:00+00:00,52646204,52,2025-02-01,2025-04-06
2025-01-06 00:00:00+00:00,52652931,46,2025-01-15,2025-04-06
2025-01-06 00:00:00+00:00,52670832,3,2025-04-04,2025-04-06
2025-01-06 00:00:00+00:00,52758042,89,2025-01-08,2025-04-06
2025-01-06 00:00:00+00:00,52969803,56,2025-01-22,2025-04-06
2025-01-06 00:00:00+00:00,53008127,42,2025-01-19,2025-04-06
2025-01-06 00:00:00+00:00,53113087,43,2025-01-30,2025-04-06
2025-01-06 00:00:00+00:00,53133732,68,2025-01-29,2025-04-06
2025-01-06 00:00:00+00:00,53143021,49,2025-01-30,2025-04-06
2025-01-06 00:00:00+00:00,53154219,73,2025-01-24,2025-04-06
2025-01-06 00:00:00+00:00,53175731,87,2025-01-10,2025-04-06
2025-01-06 00:00:00+00:00,53190433,18,2025-03-11,2025-04-05
2025-01-06 00:00:00+00:00,53195241,71,2025-01-10,2025-04-06
2025-01-06 00:00:00+00:00,53240300,65,2025-01-07,2025-04-06
2025-01-06 00:00:00+00:00,53280496,21,2025-03-09,2025-03-29
2025-01-06 00:00:00+00:00,53314692,46,2025-02-17,2025-04-06
2025-01-06 00:00:00+00:00,53325047,46,2025-01-24,2025-04-06
2025-01-06 00:00:00+00:00,53340772,55,2025-02-11,2025-04-06
2025-01-06 00:00:00+00:00,53365226,54,2025-01-08,2025-04-06
2025-01-06 00:00:00+00:00,53445765,44,2025-02-10,2025-04-06
2025-01-06 00:00:00+00:00,53448627,21,2025-02-03,2025-03-09
2025-01-06 00:00:00+00:00,53458717,42,2025-02-21,2025-04-06
2025-01-06 00:00:00+00:00,53474066,25,2025-01-21,2025-04-06
2025-01-06 00:00:00+00:00,53581602,56,2025-02-09,2025-04-05
2025-01-06 00:00:00+00:00,53643568,22,2025-01-15,2025-03-06
2025-01-06 00:00:00+00:00,53656846,43,2025-01-07,2025-04-06
2025-01-06 00:00:00+00:00,53669499,59,2025-01-20,2025-03-19
2025-01-06 00:00:00+00:00,53717416,55,2025-02-02,2025-04-06
2025-01-06 00:00:00+00:00,53733977,38,2025-01-16,2025-03-31
2025-01-06 00:00:00+00:00,53738511,64,2025-01-27,2025-03-31
2025-01-06 00:00:00+00:00,53794321,65,2025-01-11,2025-04-06
2025-01-06 00:00:00+00:00,53796581,58,2025-01-06,2025-04-06
2025-01-06 00:00:00+00:00,53825192,45,2025-01-18,2025-04-06
2025-01-06 00:00:00+00:00,53893648,42,2025-02-17,2025-04-06
2025-01-06 00:00:00+00:00,53903158,58,2025-01-16,2025-04-05
2025-01-06 00:00:00+00:00,53914255,33,2025-02-11,2025-04-06
2025-01-06 00:00:00+00:00,53915734,64,2025-01-21,2025-03-31
2025-01-06 00:00:00+00:00,53936201,29,2025-02-15,2025-04-06
2025-01-06 00:00:00+00:00,53972959,59,2025-01-28,2025-04-06
2025-01-06 00:00:00+00:00,53973724,56,2025-01-30,2025-04-06
2025-01-06 00:00:00+00:00,53986731,15,2025-03-06,2025-03-30
2025-01-06 00:00:00+00:00,54005716,43,2025-02-23,2025-04-06
2025-01-06 00:00:00+00:00,54145466,90,2025-01-06,2025-04-05
2025-01-06 00:00:00+00:00,54167570,59,2025-02-03,2025-04-06
2025-01-06 00:00:00+00:00,54245203,23,2025-02-02,2025-03-09
2025-01-06 00:00:00+00:00,54246694,69,2025-01-28,2025-04-06
2025-01-06 00:00:00+00:00,54287612,49,2025-01-28,2025-04-06
2025-01-06 00:00:00+00:00,525472560929976068,68,2025-01-09,2025-04-06
2025-01-06 00:00:00+00:00,549056203343531816,37,2025-02-02,2025-04-06
2025-01-06 00:00:00+00:00,557386903732882183,53,2025-02-04,2025-04-06
2025-01-06 00:00:00+00:00,573122310094338767,33,2025-03-05,2025-04-06
2025-01-06 00:00:00+00:00,577333685681759877,29,2025-01-16,2025-04-06
2025-01-06 00:00:00+00:00,577547502503396579,47,2025-01-26,2025-04-06
2025-01-06 00:00:00+00:00,580407424598756855,22,2025-02-28,2025-04-06
2025-01-06 00:00:00+00:00,580589381711973141,52,2025-02-05,2025-04-06
2025-01-06 00:00:00+00:00,599368528094352718,14,2025-02-06,2025-04-06
2025-01-06 00:00:00+00:00,605748852048435444,47,2025-01-26,2025-04-06
2025-01-06 00:00:00+00:00,610155932497817911,65,2025-01-26,2025-03-31
2025-01-06 00:00:00+00:00,612245203931813020,55,2025-01-10,2025-04-06
2025-01-06 00:00:00+00:00,613221032690703355,41,2025-01-23,2025-04-03
2025-01-06 00:00:00+00:00,618150693526656201,48,2025-02-07,2025-04-06
2025-01-06 00:00:00+00:00,618943952389206201,66,2025-01-12,2025-04-06
2025-01-06 00:00:00+00:00,627388721154300829,22,2025-02-01,2025-04-06
2025-01-06 00:00:00+00:00,628340205412932131,12,2025-01-10,2025-03-03
2025-01-06 00:00:00+00:00,629724091250673746,46,2025-01-13,2025-04-06
2025-01-06 00:00:00+00:00,633809099013662442,31,2025-02-05,2025-04-06
2025-01-06 00:00:00+00:00,667324814851452653,53,2025-01-31,2025-04-06
2025-01-06 00:00:00+00:00,668715506986619718,45,2025-01-13,2025-03-31
2025-01-06 00:00:00+00:00,670778657683556451,34,2025-01-22,2025-03-31
2025-01-06 00:00:00+00:00,673825002694927178,37,2025-02-17,2025-03-31
2025-01-06 00:00:00+00:00,673826204715344716,53,2025-01-21,2025-03-31
2025-01-06 00:00:00+00:00,673826267743797671,27,2025-03-05,2025-03-31
2025-01-06 00:00:00+00:00,674566887638611404,31,2025-01-20,2025-04-06
2025-01-06 00:00:00+00:00,675242237586865339,63,2025-01-06,2025-04-06
2025-01-06 00:00:00+00:00,678242953903453952,39,2025-01-24,2025-04-06
2025-01-06 00:00:00+00:00,679166677359467385,65,2025-01-20,2025-04-06
2025-01-06 00:00:00+00:00,681894806923375678,39,2025-01-29,2025-03-31
2025-01-06 00:00:00+00:00,684782448665574114,46,2025-02-12,2025-04-06
2025-01-06 00:00:00+00:00,687757820659405525,76,2025-01-11,2025-04-06
2025-01-06 00:00:00+00:00,693024169316156606,44,2025-01-23,2025-03-31
2025-01-06 00:00:00+00:00,694313018923554703,19,2025-02-26,2025-03-31
2025-01-06 00:00:00+00:00,694947516825280143,13,2025-02-07,2025-04-06
2025-01-06 00:00:00+00:00,703527486074504582,53,2025-02-07,2025-03-31
2025-01-06 00:00:00+00:00,703538637731385185,62,2025-01-28,2025-04-06
2025-01-06 00:00:00+00:00,705946468067026302,49,2025-01-28,2025-04-06
2025-01-06 00:00:00+00:00,708045427082372124,80,2025-01-13,2025-04-06
2025-01-06 00:00:00+00:00,718922870189236806,29,2025-01-29,2025-03-31
2025-01-06 00:00:00+00:00,719355891470345652,64,2025-01-28,2025-04-06
2025-01-06 00:00:00+00:00,721143022842232721,59,2025-02-02,2025-04-06
2025-01-06 00:00:00+00:00,721635424816164605,45,2025-01-29,2025-04-06
2025-01-06 00:00:00+00:00,725205326528652381,5,2025-01-27,2025-01-31
2025-01-06 00:00:00+00:00,725867973010290782,52,2025-01-09,2025-04-06
2025-01-06 00:00:00+00:00,730437501239201082,70,2025-01-27,2025-04-06
2025-01-06 00:00:00+00:00,730553947980169722,64,2025-02-01,2025-04-06
2025-01-06 00:00:00+00:00,734707774394612996,53,2025-01-29,2025-04-06
2025-01-06 00:00:00+00:00,734774611454860165,50,2025-02-10,2025-04-06
2025-01-06 00:00:00+00:00,734991572208138176,83,2025-01-11,2025-04-05
2025-01-06 00:00:00+00:00,735732850757918650,25,2025-02-26,2025-04-06
2025-01-06 00:00:00+00:00,739015384619300207,58,2025-02-02,2025-03-31
2025-01-06 00:00:00+00:00,744210382596366805,40,2025-01-31,2025-04-06
2025-01-06 00:00:00+00:00,745632820094188215,16,2025-02-01,2025-03-09
2025-01-06 00:00:00+00:00,746451645715267085,77,2025-01-20,2025-04-06
2025-01-06 00:00:00+00:00,748336742434217963,30,2025-01-21,2025-04-06
2025-01-06 00:00:00+00:00,753461577197808016,73,2025-01-11,2025-03-31
2025-01-06 00:00:00+00:00,753566944813003124,66,2025-01-15,2025-04-06
2025-01-06 00:00:00+00:00,754141022905987471,66,2025-01-31,2025-04-06
2025-01-06 00:00:00+00:00,754375397775403281,82,2025-01-07,2025-04-06
2025-01-06 00:00:00+00:00,754796838418506202,54,2025-01-24,2025-04-06
2025-01-06 00:00:00+00:00,756997201912524343,83,2025-01-14,2025-04-06
2025-01-06 00:00:00+00:00,760805979001764233,3,2025-01-24,2025-01-26
2025-01-06 00:00:00+00:00,762112217871324562,50,2025-01-13,2025-04-06
2025-01-06 00:00:00+00:00,762192750283483456,67,2025-01-20,2025-03-31
2025-01-06 00:00:00+00:00,762916089194134311,90,2025-01-07,2025-04-06
2025-01-06 00:00:00+00:00,766052072199682693,43,2025-02-12,2025-04-06
2025-01-06 00:00:00+00:00,766788707373767791,26,2025-02-09,2025-04-05
2025-01-06 00:00:00+00:00,767407262472265686,62,2025-01-12,2025-04-06
2025-01-06 00:00:00+00:00,768032727158094436,18,2025-03-19,2025-04-05
2025-01-06 00:00:00+00:00,769009482417170004,61,2025-01-23,2025-04-06
2025-01-06 00:00:00+00:00,769461318721075633,36,2025-02-12,2025-03-31
2025-01-06 00:00:00+00:00,770131545986036241,64,2025-01-13,2025-04-06
2025-01-06 00:00:00+00:00,771111761043546355,61,2025-02-04,2025-04-05
2025-01-06 00:00:00+00:00,772261416620745030,68,2025-01-18,2025-04-06
2025-01-06 00:00:00+00:00,778933432062496662,59,2025-01-18,2025-04-06
2025-01-06 00:00:00+00:00,782548209247570691,40,2025-02-11,2025-04-06
2025-01-06 00:00:00+00:00,782734966853311782,65,2025-01-21,2025-04-06
2025-01-06 00:00:00+00:00,783879004243392314,67,2025-01-23,2025-04-06
2025-01-06 00:00:00+00:00,784598714032826222,70,2025-01-14,2025-04-06
2025-01-06 00:00:00+00:00,785658004981722606,73,2025-01-18,2025-03-31
2025-01-06 00:00:00+00:00,786307999394390316,58,2025-01-16,2025-04-06
2025-01-06 00:00:00+00:00,786807324710664147,41,2025-02-12,2025-04-06
2025-01-06 00:00:00+00:00,787195284335262595,53,2025-02-02,2025-04-06
2025-01-06 00:00:00+00:00,787606557854537606,65,2025-01-16,2025-03-31
2025-01-06 00:00:00+00:00,787847078680683474,49,2025-01-11,2025-04-06
2025-01-06 00:00:00+00:00,790431243381422888,90,2025-01-07,2025-04-06
2025-01-06 00:00:00+00:00,790518755885066166,36,2025-01-09,2025-04-06
2025-01-06 00:00:00+00:00,790752171303746450,73,2025-01-07,2025-04-06
2025-01-06 00:00:00+00:00,791313913845076166,50,2025-02-09,2025-04-06
2025-01-06 00:00:00+00:00,792096103347120988,52,2025-01-23,2025-04-05
2025-01-06 00:00:00+00:00,792184367926408145,12,2025-03-25,2025-04-05
2025-01-06 00:00:00+00:00,794707921952592251,48,2025-01-28,2025-04-06
2025-01-06 00:00:00+00:00,794710559970994170,54,2025-01-27,2025-04-06
2025-01-06 00:00:00+00:00,794996321339600522,18,2025-01-26,2025-02-22
2025-01-06 00:00:00+00:00,795495744056169046,52,2025-01-20,2025-04-06
2025-01-06 00:00:00+00:00,795757968903961791,73,2025-01-24,2025-04-06
2025-01-06 00:00:00+00:00,796481545034280714,62,2025-01-17,2025-04-06
2025-01-06 00:00:00+00:00,797261187302809924,61,2025-01-11,2025-04-06
2025-01-06 00:00:00+00:00,798475021925579344,47,2025-02-04,2025-04-05
2025-01-06 00:00:00+00:00,799251513158018593,46,2025-02-20,2025-04-06
2025-01-06 00:00:00+00:00,800942299109284552,47,2025-02-04,2025-04-05
2025-01-06 00:00:00+00:00,801271167231006592,26,2025-03-12,2025-04-06
2025-01-06 00:00:00+00:00,801611117719633492,53,2025-01-21,2025-04-06
2025-01-06 00:00:00+00:00,802047490248101970,28,2025-03-10,2025-04-06
2025-01-06 00:00:00+00:00,802357806571870530,29,2025-03-09,2025-04-06
2025-01-06 00:00:00+00:00,802922826036667371,64,2025-02-02,2025-04-06
2025-01-06 00:00:00+00:00,803403468437987911,73,2025-01-08,2025-04-05
2025-01-06 00:00:00+00:00,805381324514930766,32,2025-02-21,2025-04-05
2025-01-06 00:00:00+00:00,805726391815686158,46,2025-01-12,2025-04-06
2025-01-06 00:00:00+00:00,806702099486447309,54,2025-01-31,2025-04-06
2025-01-06 00:00:00+00:00,807400945391416643,29,2025-01-12,2025-04-05
2025-01-06 00:00:00+00:00,811053746893495263,52,2025-01-21,2025-04-06
2025-01-06 00:00:00+00:00,812231708820863156,48,2025-01-31,2025-04-06
2025-01-06 00:00:00+00:00,815806026505024003,33,2025-01-27,2025-03-17
2025-01-06 00:00:00+00:00,821920276390293366,43,2025-01-09,2025-04-06
2025-01-06 00:00:00+00:00,822365439954007216,66,2025-01-13,2025-04-06
2025-01-06 00:00:00+00:00,826063757882656916,68,2025-01-07,2025-04-05
2025-01-06 00:00:00+00:00,826617189908528565,51,2025-01-20,2025-04-06
2025-01-06 00:00:00+00:00,828036946101813387,18,2025-03-01,2025-04-06
2025-01-06 00:00:00+00:00,831740758559247685,34,2025-02-21,2025-03-31
2025-01-06 00:00:00+00:00,832123000813215722,73,2025-01-24,2025-04-06
2025-01-06 00:00:00+00:00,836385234465202348,44,2025-01-26,2025-03-31
2025-01-06 00:00:00+00:00,837646263953285868,56,2025-01-18,2025-04-06
2025-01-06 00:00:00+00:00,837846012155525926,44,2025-02-17,2025-04-05
2025-01-06 00:00:00+00:00,840525492567265584,33,2025-02-16,2025-04-06
2025-01-06 00:00:00+00:00,841394344184198064,31,2025-01-21,2025-03-31
2025-01-06 00:00:00+00:00,844864653127085626,62,2025-01-12,2025-04-06
2025-01-06 00:00:00+00:00,850675824952359571,68,2025-01-10,2025-03-31
2025-01-06 00:00:00+00:00,850931966820064700,45,2025-01-27,2025-04-06
2025-01-06 00:00:00+00:00,859653300578357102,57,2025-01-28,2025-03-31
2025-01-06 00:00:00+00:00,871084107630048364,40,2025-02-09,2025-04-06
2025-01-06 00:00:00+00:00,873125740517449213,70,2025-01-17,2025-04-06
2025-01-06 00:00:00+00:00,873255393900331818,65,2025-02-01,2025-04-06
2025-01-06 00:00:00+00:00,873260132509992833,13,2025-02-15,2025-02-27
2025-01-06 00:00:00+00:00,881204142086821328,54,2025-01-28,2025-04-06
2025-01-06 00:00:00+00:00,883930877150990341,5,2025-04-02,2025-04-06
2025-01-06 00:00:00+00:00,892662939259281401,13,2025-01-11,2025-01-31
2025-01-06 00:00:00+00:00,892721989592935461,39,2025-01-19,2025-04-06
2025-01-06 00:00:00+00:00,894985131313802009,54,2025-02-07,2025-04-06
2025-01-06 00:00:00+00:00,897144549301156856,7,2025-01-07,2025-01-15
2025-01-06 00:00:00+00:00,900757690500508426,47,2025-01-12,2025-04-06
2025-01-06 00:00:00+00:00,902324773092897293,10,2025-01-09,2025-01-18
2025-01-06 00:00:00+00:00,904512525045117852,33,2025-01-24,2025-04-06
2025-01-06 00:00:00+00:00,906701409648697471,43,2025-02-07,2025-04-06
2025-01-06 00:00:00+00:00,910815231577364751,51,2025-01-13,2025-04-06
2025-01-06 00:00:00+00:00,911476333007658783,42,2025-01-27,2025-04-06
2025-01-06 00:00:00+00:00,913929715874853789,54,2025-01-15,2025-04-06
2025-01-06 00:00:00+00:00,916052715744473224,54,2025-01-06,2025-02-28
2025-01-06 00:00:00+00:00,923133320997277084,50,2025-01-18,2025-04-04
2025-01-06 00:00:00+00:00,929120660817262874,84,2025-01-13,2025-04-06
2025-01-06 00:00:00+00:00,936216057908307884,61,2025-01-28,2025-04-06
2025-01-06 00:00:00+00:00,939325387438995809,55,2025-01-10,2025-04-06
2025-01-06 00:00:00+00:00,939698664229028471,26,2025-02-02,2025-04-06
2025-01-06 00:00:00+00:00,942057172413556286,39,2025-02-27,2025-04-06
2025-01-06 00:00:00+00:00,944320965810800803,73,2025-01-24,2025-04-06
2025-01-06 00:00:00+00:00,946451380352813662,14,2025-01-15,2025-04-06
2025-01-06 00:00:00+00:00,946609581890906389,29,2025-02-25,2025-04-06
2025-01-06 00:00:00+00:00,956398979498945273,31,2025-03-07,2025-04-06
2025-01-06 00:00:00+00:00,956676934234107014,24,2025-01-27,2025-03-30
2025-01-06 00:00:00+00:00,957349094500016515,68,2025-01-25,2025-04-06
2025-01-06 00:00:00+00:00,963040775940890055,67,2025-01-12,2025-04-06
2025-01-06 00:00:00+00:00,963916345061155113,35,2025-02-01,2025-03-31
2025-01-06 00:00:00+00:00,964579064376617710,60,2025-01-31,2025-04-06
2025-01-06 00:00:00+00:00,965258538716677226,86,2025-01-08,2025-04-05
2025-01-06 00:00:00+00:00,965310801955633109,49,2025-02-05,2025-04-06
2025-01-06 00:00:00+00:00,966687088388761169,83,2025-01-14,2025-04-06
2025-01-06 00:00:00+00:00,968213956640500474,71,2025-01-14,2025-04-06
2025-01-06 00:00:00+00:00,970445468070597218,2,2025-01-07,2025-01-08
2025-01-06 00:00:00+00:00,978095320445301654,68,2025-01-14,2025-04-06
2025-01-06 00:00:00+00:00,978244263452010977,39,2025-01-13,2025-04-06
2025-01-06 00:00:00+00:00,978410400232267791,31,2025-03-01,2025-03-31
2025-01-06 00:00:00+00:00,980310639590708922,77,2025-01-10,2025-04-06
2025-01-06 00:00:00+00:00,980365989956218871,73,2025-01-21,2025-04-06
2025-01-06 00:00:00+00:00,982642009007231841,45,2025-01-27,2025-03-31
2025-01-06 00:00:00+00:00,983188724209547131,62,2025-01-27,2025-04-06
2025-01-06 00:00:00+00:00,984846668146064982,53,2025-01-15,2025-03-08
2025-01-06 00:00:00+00:00,985716714802993034,33,2025-03-05,2025-04-06
2025-01-06 00:00:00+00:00,986245345084467584,72,2025-01-25,2025-04-06
2025-01-06 00:00:00+00:00,986407426689940399,32,2025-01-18,2025-04-06
2025-01-06 00:00:00+00:00,991407580891691701,53,2025-01-20,2025-04-06
2025-01-06 00:00:00+00:00,999226382307972271,71,2025-01-20,2025-04-06
2025-01-06 00:00:00+00:00,1002785860497857801,66,2025-01-23,2025-04-06
2025-01-06 00:00:00+00:00,1004496327455456339,67,2025-01-10,2025-04-05
2025-01-06 00:00:00+00:00,1004910078575857573,27,2025-01-19,2025-03-16
2025-01-06 00:00:00+00:00,1005958896607152946,55,2025-01-10,2025-03-31
2025-01-06 00:00:00+00:00,1006396584243125090,69,2025-01-17,2025-04-06
2025-01-06 00:00:00+00:00,1008029204257210230,63,2025-01-21,2025-03-31
2025-01-06 00:00:00+00:00,1011115904222911872,68,2025-01-14,2025-04-06
2025-01-06 00:00:00+00:00,1011714999685071594,14,2025-03-24,2025-04-06
2025-01-06 00:00:00+00:00,1014245162199655907,32,2025-03-06,2025-04-06
2025-01-06 00:00:00+00:00,1015691857467598452,55,2025-01-20,2025-03-31
2025-01-06 00:00:00+00:00,1016100494032497541,78,2025-01-07,2025-04-06
2025-01-06 00:00:00+00:00,1019453731090411731,67,2025-01-26,2025-04-06
2025-01-06 00:00:00+00:00,1021217453140595481,46,2025-01-07,2025-04-06
2025-01-06 00:00:00+00:00,1023885231203292759,66,2025-01-26,2025-04-06
2025-01-06 00:00:00+00:00,1024067179174522246,70,2025-01-26,2025-04-05
2025-01-06 00:00:00+00:00,1025356251415331533,25,2025-01-17,2025-04-06
2025-01-06 00:00:00+00:00,1028988415727336651,70,2025-01-17,2025-04-06
2025-01-06 00:00:00+00:00,1030981527494824971,23,2025-03-15,2025-04-06
2025-01-06 00:00:00+00:00,1031938290013047428,68,2025-01-15,2025-04-06
2025-01-06 00:00:00+00:00,1034873975277447845,47,2025-02-13,2025-04-06
2025-01-06 00:00:00+00:00,1035628196408986358,29,2025-01-31,2025-04-06
2025-01-06 00:00:00+00:00,1037047027853581998,43,2025-01-08,2025-03-31
2025-01-06 00:00:00+00:00,1039235354309448898,64,2025-01-21,2025-04-06
2025-01-06 00:00:00+00:00,1042032092670718662,23,2025-01-27,2025-04-05
2025-01-06 00:00:00+00:00,1043599286749467076,62,2025-01-29,2025-03-31
2025-01-06 00:00:00+00:00,1044223371798078486,70,2025-01-07,2025-04-06
2025-01-06 00:00:00+00:00,1044458170286255125,45,2025-02-12,2025-04-06
2025-01-06 00:00:00+00:00,1045459185575382038,79,2025-01-12,2025-04-06
2025-01-06 00:00:00+00:00,1045592510645908121,65,2025-01-09,2025-04-06
2025-01-06 00:00:00+00:00,1045916135727198441,45,2025-02-21,2025-04-06
2025-01-06 00:00:00+00:00,1046547202929220520,45,2025-01-29,2025-04-06
2025-01-06 00:00:00+00:00,1047723626454445067,87,2025-01-10,2025-04-06
2025-01-06 00:00:00+00:00,1048804459244346908,68,2025-01-07,2025-04-06
2025-01-06 00:00:00+00:00,1049417084065072931,12,2025-01-20,2025-01-31
2025-01-06 00:00:00+00:00,1050857413300266721,48,2025-01-15,2025-04-02
2025-01-06 00:00:00+00:00,1052110098791057231,39,2025-01-08,2025-04-06
2025-01-06 00:00:00+00:00,1052490589225547467,53,2025-02-13,2025-04-06
2025-01-06 00:00:00+00:00,1053132609735844516,11,2025-02-27,2025-03-09
2025-01-06 00:00:00+00:00,1053522951026570547,71,2025-01-26,2025-04-06
2025-01-06 00:00:00+00:00,1053851019443958006,76,2025-01-21,2025-04-06
2025-01-06 00:00:00+00:00,1054265461023254222,53,2025-01-11,2025-04-06
2025-01-06 00:00:00+00:00,1055163452693752832,51,2025-01-22,2025-04-06
2025-01-06 00:00:00+00:00,1056816282920055514,63,2025-01-11,2025-03-31
2025-01-06 00:00:00+00:00,1056827534457537585,78,2025-01-19,2025-04-06
2025-01-06 00:00:00+00:00,1057137469420115073,57,2025-01-08,2025-04-06
2025-01-06 00:00:00+00:00,1057964852411462810,63,2025-02-03,2025-04-06
2025-01-06 00:00:00+00:00,1058193595817353204,28,2025-02-27,2025-04-04
2025-01-06 00:00:00+00:00,1058777213156843238,10,2025-02-02,2025-04-06
2025-01-06 00:00:00+00:00,1060712994513047104,64,2025-01-11,2025-04-06
2025-01-06 00:00:00+00:00,1062615116593634676,52,2025-01-15,2025-04-06
2025-01-06 00:00:00+00:00,1063807278503566143,54,2025-01-29,2025-04-06
2025-01-06 00:00:00+00:00,1066545050089987954,58,2025-01-14,2025-04-06
2025-01-06 00:00:00+00:00,1067320906990424780,47,2025-02-12,2025-04-06
2025-01-06 00:00:00+00:00,1070343877574441166,7,2025-01-13,2025-04-02
2025-01-06 00:00:00+00:00,1074829679064875721,6,2025-04-01,2025-04-06
2025-01-06 00:00:00+00:00,1077396104359577731,19,2025-02-11,2025-04-06
2025-01-06 00:00:00+00:00,1081972140987250431,49,2025-01-30,2025-04-06
2025-01-06 00:00:00+00:00,1082133757143221839,5,2025-01-27,2025-01-31
2025-01-06 00:00:00+00:00,1082746592587689161,44,2025-01-09,2025-03-31
2025-01-06 00:00:00+00:00,1083196219974177016,57,2025-01-20,2025-04-06
2025-01-06 00:00:00+00:00,1083301106167776779,20,2025-03-06,2025-04-06
2025-01-06 00:00:00+00:00,1083424325445690046,54,2025-02-12,2025-04-06
2025-01-06 00:00:00+00:00,1083633025910461931,46,2025-02-11,2025-04-06
2025-01-06 00:00:00+00:00,1086855144095843601,68,2025-01-23,2025-03-31
2025-01-06 00:00:00+00:00,1088251024341369589,3,2025-02-05,2025-02-07
2025-01-06 00:00:00+00:00,1100720037663116812,46,2025-01-20,2025-04-06
2025-01-06 00:00:00+00:00,1100991386372756521,81,2025-01-13,2025-04-06
2025-01-06 00:00:00+00:00,1111626053814730010,56,2025-01-31,2025-04-06
2025-01-06 00:00:00+00:00,1124052077567202180,11,2025-03-26,2025-04-05
2025-01-06 00:00:00+00:00,1125970477826966385,54,2025-01-08,2025-04-06
2025-01-06 00:00:00+00:00,1131810056799937593,67,2025-01-20,2025-04-06
2025-01-06 00:00:00+00:00,1137698308528017474,39,2025-02-03,2025-04-06
2025-01-06 00:00:00+00:00,1139831117529014384,67,2025-01-24,2025-04-06
2025-01-06 00:00:00+00:00,1147824179020677628,35,2025-01-21,2025-04-05
2025-01-06 00:00:00+00:00,1153493820067017135,43,2025-02-06,2025-04-06
2025-01-06 00:00:00+00:00,1153552657765472365,21,2025-02-04,2025-04-06
2025-01-06 00:00:00+00:00,1161796266594364332,6,2025-02-27,2025-03-04
2025-01-06 00:00:00+00:00,1161927707286622818,26,2025-01-14,2025-04-06
2025-01-06 00:00:00+00:00,1163772289534164479,54,2025-01-09,2025-04-06
2025-01-06 00:00:00+00:00,1173260792743932663,35,2025-01-25,2025-03-05
2025-01-06 00:00:00+00:00,1174263938200349649,75,2025-01-13,2025-04-06
2025-01-06 00:00:00+00:00,1179103047052148475,33,2025-01-29,2025-04-06
2025-01-06 00:00:00+00:00,1181933658424522281,63,2025-01-19,2025-04-06
2025-01-06 00:00:00+00:00,1181944920258781413,73,2025-01-15,2025-04-06
2025-01-06 00:00:00+00:00,1181971107577983158,65,2025-01-16,2025-04-06
2025-01-06 00:00:00+00:00,1182018398755268829,59,2025-01-14,2025-04-06
2025-01-06 00:00:00+00:00,1182028381058524086,54,2025-01-14,2025-04-06
2025-01-06 00:00:00+00:00,1182040498646675653,56,2025-01-13,2025-04-06
2025-01-06 00:00:00+00:00,1182043782165637473,61,2025-01-19,2025-04-06
2025-01-06 00:00:00+00:00,1182070530301053205,62,2025-01-15,2025-04-06
2025-01-06 00:00:00+00:00,1183418487997408853,48,2025-01-29,2025-04-06
2025-01-06 00:00:00+00:00,1184152596221501552,61,2025-01-22,2025-04-06
2025-01-06 00:00:00+00:00,1187061700423806804,61,2025-01-12,2025-04-06
2025-01-06 00:00:00+00:00,1187558666042801587,52,2025-01-23,2025-04-06
2025-01-06 00:00:00+00:00,1187772975255244525,53,2025-01-28,2025-04-06
2025-01-06 00:00:00+00:00,1188323084225041810,59,2025-01-10,2025-04-06
2025-01-06 00:00:00+00:00,1188339469325210376,59,2025-01-12,2025-04-06
2025-01-06 00:00:00+00:00,1188476386889166335,64,2025-01-10,2025-04-06
2025-01-06 00:00:00+00:00,1189331897618015345,72,2025-01-11,2025-04-06
2025-01-06 00:00:00+00:00,1191261348067720296,53,2025-01-17,2025-04-06
2025-01-06 00:00:00+00:00,1191386301072209798,55,2025-01-19,2025-04-06
2025-01-06 00:00:00+00:00,1192836728602105901,57,2025-01-14,2025-04-06
2025-01-06 00:00:00+00:00,1193347652334673191,57,2025-02-02,2025-04-06
2025-01-06 00:00:00+00:00,1193414131980072087,52,2025-01-11,2025-04-06
2025-01-06 00:00:00+00:00,1193496259129259761,72,2025-01-22,2025-04-06
2025-01-06 00:00:00+00:00,1193657356522503551,70,2025-01-21,2025-03-31
2025-01-06 00:00:00+00:00,1195858349379362032,55,2025-01-11,2025-04-06
2025-01-06 00:00:00+00:00,1197121947398131654,59,2025-01-07,2025-04-06
2025-01-06 00:00:00+00:00,1197195878719681680,62,2025-01-12,2025-04-06
2025-01-06 00:00:00+00:00,1198703061430420363,26,2025-02-26,2025-04-06
2025-01-06 00:00:00+00:00,1199996219082185363,55,2025-01-23,2025-04-06
2025-01-06 00:00:00+00:00,1203140233522044896,74,2025-01-12,2025-04-05
2025-01-06 00:00:00+00:00,1207335703563012811,68,2025-01-13,2025-04-06
2025-01-06 00:00:00+00:00,1207338410880339003,72,2025-01-25,2025-04-06
2025-01-06 00:00:00+00:00,1207383031689344642,62,2025-01-12,2025-04-05
2025-01-06 00:00:00+00:00,1207864392976162235,71,2025-01-13,2025-04-06
2025-01-06 00:00:00+00:00,1207881809440158991,78,2025-01-19,2025-04-06
2025-01-06 00:00:00+00:00,1207940918769840398,63,2025-01-24,2025-04-06
2025-01-06 00:00:00+00:00,1207992119242235910,74,2025-01-11,2025-04-06
2025-01-06 00:00:00+00:00,1208704132667695539,73,2025-01-10,2025-04-06
2025-01-06 00:00:00+00:00,1208718899534488031,76,2025-01-21,2025-04-06
2025-01-06 00:00:00+00:00,1208735754877396448,69,2025-01-08,2025-04-06
2025-01-06 00:00:00+00:00,1208746927423730353,65,2025-01-12,2025-04-06
2025-01-06 00:00:00+00:00,1208757710030861160,73,2025-01-24,2025-04-06
2025-01-06 00:00:00+00:00,1208757855935244741,68,2025-01-13,2025-04-06
2025-01-06 00:00:00+00:00,1209010210831577821,77,2025-01-19,2025-04-05
2025-01-06 00:00:00+00:00,1213824251801309412,58,2025-01-14,2025-04-06
2025-01-06 00:00:00+00:00,1214464056304542513,64,2025-01-21,2025-04-06
2025-01-06 00:00:00+00:00,1216602433904805187,70,2025-01-15,2025-04-06
2025-01-06 00:00:00+00:00,1219597802580113056,64,2025-01-09,2025-04-06
2025-01-06 00:00:00+00:00,1219655958873769070,63,2025-01-21,2025-04-06
2025-01-06 00:00:00+00:00,1226846054624436877,70,2025-01-11,2025-04-06
2025-01-06 00:00:00+00:00,1226856286781952840,72,2025-01-11,2025-04-06
2025-01-06 00:00:00+00:00,1229942592150628971,25,2025-02-21,2025-04-06
2025-01-06 00:00:00+00:00,1233370107101543516,46,2025-01-31,2025-04-06
2025-01-06 00:00:00+00:00,1233973103621276698,55,2025-01-20,2025-04-06
2025-01-06 00:00:00+00:00,1233994658216308874,46,2025-01-09,2025-04-06
2025-01-06 00:00:00+00:00,1234084273027568746,46,2025-01-17,2025-04-06
2025-01-06 00:00:00+00:00,1238321506456103932,62,2025-02-04,2025-04-06
2025-01-06 00:00:00+00:00,1242002119123644781,90,2025-01-07,2025-04-06
2025-01-06 00:00:00+00:00,1242713378625026725,68,2025-01-15,2025-04-06
2025-01-06 00:00:00+00:00,1248514191377483703,70,2025-01-12,2025-04-06
2025-01-06 00:00:00+00:00,1248685472424986601,38,2025-02-01,2025-04-06
2025-01-06 00:00:00+00:00,1249371220066552412,55,2025-01-29,2025-04-06
2025-01-06 00:00:00+00:00,1249385754807434824,64,2025-01-24,2025-04-06
2025-01-06 00:00:00+00:00,1249919049392818339,77,2025-01-10,2025-04-06
2025-01-06 00:00:00+00:00,1250122800440869898,84,2025-01-13,2025-04-06
2025-01-06 00:00:00+00:00,1254384361135492137,72,2025-01-14,2025-04-06
2025-01-06 00:00:00+00:00,1257312272803306995,68,2025-01-12,2025-04-06
2025-01-06 00:00:00+00:00,1259534245145609058,46,2025-01-15,2025-04-06
2025-01-06 00:00:00+00:00,1260073533686146608,62,2025-01-20,2025-04-06
2025-01-06 00:00:00+00:00,1262982199583014782,60,2025-01-20,2025-04-06
2025-01-06 00:00:00+00:00,1263128865886946817,79,2025-01-12,2025-04-06
2025-01-06 00:00:00+00:00,1265161823691467042,68,2025-01-12,2025-04-06
2025-01-06 00:00:00+00:00,1265295313956605287,65,2025-01-11,2025-04-06
2025-01-06 00:00:00+00:00,1265370363028714118,70,2025-01-12,2025-04-06
2025-01-06 00:00:00+00:00,1268755217310742256,37,2025-01-21,2025-04-06
2025-01-06 00:00:00+00:00,1268889705366032062,64,2025-01-06,2025-04-06
2025-01-06 00:00:00+00:00,1269623861253689862,51,2025-01-26,2025-04-06
2025-01-06 00:00:00+00:00,1269636598524749154,62,2025-01-27,2025-04-06
2025-01-06 00:00:00+00:00,1272537775161574422,42,2025-01-27,2025-04-06
2025-01-06 00:00:00+00:00,1274055523929375490,77,2025-01-08,2025-04-06
2025-01-06 00:00:00+00:00,1274533646308060247,72,2025-01-25,2025-04-06
2025-01-06 00:00:00+00:00,1274679812745645557,74,2025-01-14,2025-04-06
2025-01-06 00:00:00+00:00,1280559161534348023,62,2025-01-13,2025-04-06
2025-01-06 00:00:00+00:00,1282577030741754149,56,2025-01-19,2025-04-06
2025-01-06 00:00:00+00:00,1282585098065467787,51,2025-01-12,2025-04-06
2025-01-06 00:00:00+00:00,1283982403734255309,53,2025-01-30,2025-04-06
2025-01-06 00:00:00+00:00,1284110666632259028,58,2025-01-14,2025-04-06
2025-01-06 00:00:00+00:00,1285538056394050628,83,2025-01-06,2025-04-06
2025-01-06 00:00:00+00:00,1292815457899461748,56,2025-01-12,2025-04-06
2025-01-06 00:00:00+00:00,1297930390704189766,67,2025-01-10,2025-04-06
2025-01-06 00:00:00+00:00,1297930815921503919,62,2025-01-20,2025-04-06
2025-01-06 00:00:00+00:00,1303745304497797235,71,2025-01-17,2025-04-06
2025-01-06 00:00:00+00:00,1304403734260231676,87,2025-01-06,2025-04-06
2025-01-06 00:00:00+00:00,1304433283397417052,52,2025-01-14,2025-04-06
2025-01-06 00:00:00+00:00,1307990676918354925,73,2025-01-13,2025-04-06
2025-01-06 00:00:00+00:00,1312949509621922876,72,2025-01-16,2025-04-06
2025-01-06 00:00:00+00:00,1313064371372817918,84,2025-01-09,2025-04-06
2025-01-06 00:00:00+00:00,1315954985293478319,88,2025-01-09,2025-04-06
2025-01-06 00:00:00+00:00,1317427472349939673,91,2025-01-06,2025-04-06
2025-01-06 00:00:00+00:00,1320994692912931266,85,2025-01-06,2025-04-06
2025-01-06 00:00:00+00:00,1320995339425720277,73,2025-01-12,2025-04-06
2025-01-06 00:00:00+00:00,1321022086036905023,77,2025-01-13,2025-04-06
2025-01-06 00:00:00+00:00,1321134786322096510,74,2025-01-23,2025-04-06
2025-01-07 00:00:00+00:00,1977915,54,2025-02-13,2025-04-07
2025-01-07 00:00:00+00:00,5443557,82,2025-01-07,2025-04-07
2025-01-07 00:00:00+00:00,6569062,90,2025-01-07,2025-04-06
2025-01-07 00:00:00+00:00,8287843,62,2025-02-05,2025-04-07
2025-01-07 00:00:00+00:00,8838629,50,2025-01-21,2025-04-07
2025-01-07 00:00:00+00:00,9784227,19,2025-02-01,2025-02-28
2025-01-07 00:00:00+00:00,10266012,58,2025-02-01,2025-04-07
2025-01-07 00:00:00+00:00,10340400,6,2025-03-06,2025-03-19
2025-01-07 00:00:00+00:00,11044577,55,2025-01-30,2025-04-07
2025-01-07 00:00:00+00:00,11567423,54,2025-01-20,2025-04-07
2025-01-07 00:00:00+00:00,12067632,30,2025-02-14,2025-03-31
2025-01-07 00:00:00+00:00,12359560,38,2025-02-13,2025-04-07
2025-01-07 00:00:00+00:00,12931525,33,2025-01-15,2025-04-07
2025-01-07 00:00:00+00:00,14872547,64,2025-01-27,2025-03-31
2025-01-07 00:00:00+00:00,14884678,29,2025-03-10,2025-04-07
2025-01-07 00:00:00+00:00,15024197,18,2025-01-30,2025-02-16
2025-01-07 00:00:00+00:00,15500038,75,2025-01-15,2025-04-07
2025-01-07 00:00:00+00:00,15523493,50,2025-01-27,2025-04-07
2025-01-07 00:00:00+00:00,15549803,32,2025-01-13,2025-04-06
2025-01-07 00:00:00+00:00,15732070,63,2025-01-28,2025-03-31
2025-01-07 00:00:00+00:00,15754075,37,2025-01-28,2025-03-31
2025-01-07 00:00:00+00:00,15791567,35,2025-02-16,2025-04-07
2025-01-07 00:00:00+00:00,15909831,60,2025-02-02,2025-04-07
2025-01-07 00:00:00+00:00,15934309,57,2025-02-10,2025-04-07
2025-01-07 00:00:00+00:00,15980018,9,2025-03-30,2025-04-07
2025-01-07 00:00:00+00:00,15980108,39,2025-02-09,2025-04-07
2025-01-07 00:00:00+00:00,16017693,36,2025-01-26,2025-03-31
2025-01-07 00:00:00+00:00,16105751,21,2025-01-29,2025-04-07
2025-01-07 00:00:00+00:00,16177778,79,2025-01-19,2025-04-07
2025-01-07 00:00:00+00:00,16253828,60,2025-01-29,2025-04-06
2025-01-07 00:00:00+00:00,16270332,54,2025-01-16,2025-03-10
2025-01-07 00:00:00+00:00,16321793,61,2025-01-18,2025-04-07
2025-01-07 00:00:00+00:00,16451544,18,2025-03-05,2025-04-07
2025-01-07 00:00:00+00:00,16586622,48,2025-01-31,2025-04-07
2025-01-07 00:00:00+00:00,16618715,75,2025-01-09,2025-04-07
2025-01-07 00:00:00+00:00,16662563,62,2025-01-29,2025-03-31
2025-01-07 00:00:00+00:00,16992951,53,2025-01-26,2025-04-07
2025-01-07 00:00:00+00:00,17294276,40,2025-01-30,2025-03-31
2025-01-07 00:00:00+00:00,18395333,54,2025-02-09,2025-04-07
2025-01-07 00:00:00+00:00,18505349,18,2025-03-15,2025-04-07
2025-01-07 00:00:00+00:00,18506998,11,2025-03-04,2025-04-07
2025-01-07 00:00:00+00:00,20618105,44,2025-01-13,2025-03-06
2025-01-07 00:00:00+00:00,20943549,52,2025-01-25,2025-04-07
2025-01-07 00:00:00+00:00,21025393,23,2025-02-15,2025-04-07
2025-01-07 00:00:00+00:00,21077682,54,2025-01-30,2025-04-07
2025-01-07 00:00:00+00:00,21091876,77,2025-01-09,2025-04-07
2025-01-07 00:00:00+00:00,21103486,64,2025-01-22,2025-04-07
2025-01-07 00:00:00+00:00,21103807,71,2025-01-27,2025-04-07
2025-01-07 00:00:00+00:00,21280090,51,2025-01-16,2025-04-07
2025-01-07 00:00:00+00:00,21295667,40,2025-02-27,2025-04-07
2025-01-07 00:00:00+00:00,21324331,34,2025-02-05,2025-03-24
2025-01-07 00:00:00+00:00,21397811,59,2025-01-27,2025-04-07
2025-01-07 00:00:00+00:00,21436592,67,2025-01-12,2025-03-31
2025-01-07 00:00:00+00:00,21454457,11,2025-02-19,2025-04-07
2025-01-07 00:00:00+00:00,21545686,59,2025-02-03,2025-04-07
2025-01-07 00:00:00+00:00,21552865,29,2025-01-16,2025-03-05
2025-01-07 00:00:00+00:00,21632405,35,2025-02-13,2025-04-06
2025-01-07 00:00:00+00:00,21662762,30,2025-01-30,2025-04-07
2025-01-07 00:00:00+00:00,21695053,69,2025-01-22,2025-04-07
2025-01-07 00:00:00+00:00,21734892,55,2025-02-12,2025-04-07
2025-01-07 00:00:00+00:00,22047595,47,2025-02-08,2025-04-07
2025-01-07 00:00:00+00:00,22190101,33,2025-02-24,2025-04-07
2025-01-07 00:00:00+00:00,22191680,70,2025-01-25,2025-04-07
2025-01-07 00:00:00+00:00,22243318,39,2025-02-02,2025-04-07
2025-01-07 00:00:00+00:00,22245880,51,2025-01-25,2025-04-07
2025-01-07 00:00:00+00:00,22306996,17,2025-03-22,2025-04-07
2025-01-07 00:00:00+00:00,22421016,9,2025-02-15,2025-02-23
2025-01-07 00:00:00+00:00,22421421,43,2025-01-14,2025-04-07
2025-01-07 00:00:00+00:00,22421606,43,2025-01-12,2025-04-07
2025-01-07 00:00:00+00:00,22428497,40,2025-02-03,2025-04-06
2025-01-07 00:00:00+00:00,22739656,58,2025-01-27,2025-04-07
2025-01-07 00:00:00+00:00,22810332,52,2025-02-15,2025-04-07
2025-01-07 00:00:00+00:00,22901902,79,2025-01-19,2025-04-07
2025-01-07 00:00:00+00:00,23023313,55,2025-01-22,2025-04-06
2025-01-07 00:00:00+00:00,23068512,19,2025-01-13,2025-02-27
2025-01-07 00:00:00+00:00,23343001,71,2025-01-20,2025-03-31
2025-01-07 00:00:00+00:00,23390752,78,2025-01-20,2025-04-07
2025-01-07 00:00:00+00:00,24171739,16,2025-03-22,2025-04-06
2025-01-07 00:00:00+00:00,25104649,56,2025-01-28,2025-04-07
2025-01-07 00:00:00+00:00,25165914,74,2025-01-08,2025-04-07
2025-01-07 00:00:00+00:00,25918412,64,2025-02-03,2025-04-07
2025-01-07 00:00:00+00:00,26026295,23,2025-01-21,2025-04-07
2025-01-07 00:00:00+00:00,26197944,45,2025-02-05,2025-03-31
2025-01-07 00:00:00+00:00,26334990,54,2025-01-31,2025-04-07
2025-01-07 00:00:00+00:00,26570136,68,2025-01-16,2025-04-07
2025-01-07 00:00:00+00:00,26708551,58,2025-01-14,2025-04-07
2025-01-07 00:00:00+00:00,26839303,42,2025-01-24,2025-04-07
2025-01-07 00:00:00+00:00,26895628,31,2025-02-13,2025-04-07
2025-01-07 00:00:00+00:00,26898492,38,2025-02-13,2025-04-07
2025-01-07 00:00:00+00:00,27022969,51,2025-01-09,2025-02-28
2025-01-07 00:00:00+00:00,27201205,26,2025-01-23,2025-04-07
2025-01-07 00:00:00+00:00,27704027,71,2025-01-27,2025-04-07
2025-01-07 00:00:00+00:00,27718978,14,2025-03-09,2025-04-07
2025-01-07 00:00:00+00:00,27910707,81,2025-01-14,2025-04-06
2025-01-07 00:00:00+00:00,27981528,49,2025-01-16,2025-03-05
2025-01-07 00:00:00+00:00,28071688,30,2025-02-28,2025-04-07
2025-01-07 00:00:00+00:00,28075525,29,2025-02-26,2025-04-06
2025-01-07 00:00:00+00:00,28155872,25,2025-03-13,2025-04-06
2025-01-07 00:00:00+00:00,28160414,48,2025-02-19,2025-04-07
2025-01-07 00:00:00+00:00,28366360,60,2025-01-10,2025-04-07
2025-01-07 00:00:00+00:00,28410850,23,2025-03-15,2025-04-06
2025-01-07 00:00:00+00:00,28932247,50,2025-02-04,2025-04-07
2025-01-07 00:00:00+00:00,28987242,19,2025-03-01,2025-04-07
2025-01-07 00:00:00+00:00,29008738,46,2025-01-15,2025-04-07
2025-01-07 00:00:00+00:00,29114516,23,2025-02-17,2025-04-07
2025-01-07 00:00:00+00:00,29739100,76,2025-01-22,2025-04-07
2025-01-07 00:00:00+00:00,29761442,11,2025-02-09,2025-03-14
2025-01-07 00:00:00+00:00,29800671,31,2025-01-21,2025-03-07
2025-01-07 00:00:00+00:00,29870406,77,2025-01-09,2025-04-07
2025-01-07 00:00:00+00:00,30032994,57,2025-01-17,2025-04-06
2025-01-07 00:00:00+00:00,30085847,76,2025-01-07,2025-04-07
2025-01-07 00:00:00+00:00,30105402,78,2025-01-20,2025-04-07
2025-01-07 00:00:00+00:00,30153564,42,2025-02-03,2025-04-07
2025-01-07 00:00:00+00:00,30209117,42,2025-01-21,2025-03-31
2025-01-07 00:00:00+00:00,30271062,76,2025-01-22,2025-04-07
2025-01-07 00:00:00+00:00,30332330,47,2025-01-27,2025-04-07
2025-01-07 00:00:00+00:00,30354217,27,2025-01-18,2025-04-07
2025-01-07 00:00:00+00:00,30402651,59,2025-01-11,2025-03-31
2025-01-07 00:00:00+00:00,30491733,49,2025-01-27,2025-04-07
2025-01-07 00:00:00+00:00,30493854,41,2025-02-19,2025-03-31
2025-01-07 00:00:00+00:00,30494198,75,2025-01-07,2025-04-06
2025-01-07 00:00:00+00:00,30519162,91,2025-01-07,2025-04-07
2025-01-07 00:00:00+00:00,30560948,72,2025-01-14,2025-04-07
2025-01-07 00:00:00+00:00,30756202,76,2025-01-11,2025-04-06
2025-01-07 00:00:00+00:00,30785010,45,2025-01-10,2025-04-07
2025-01-07 00:00:00+00:00,30910938,43,2025-02-15,2025-04-07
2025-01-07 00:00:00+00:00,31055581,46,2025-02-15,2025-04-07
2025-01-07 00:00:00+00:00,31059537,54,2025-01-11,2025-04-07
2025-01-07 00:00:00+00:00,31069380,21,2025-01-14,2025-03-09
2025-01-07 00:00:00+00:00,31084342,53,2025-01-13,2025-04-07
2025-01-07 00:00:00+00:00,31115702,46,2025-02-02,2025-04-07
2025-01-07 00:00:00+00:00,31141252,38,2025-02-17,2025-04-07
2025-01-07 00:00:00+00:00,31167122,85,2025-01-13,2025-04-07
2025-01-07 00:00:00+00:00,31284638,27,2025-01-31,2025-04-06
2025-01-07 00:00:00+00:00,31380471,65,2025-01-16,2025-04-07
2025-01-07 00:00:00+00:00,31397917,15,2025-01-30,2025-03-18
2025-01-07 00:00:00+00:00,31430342,59,2025-02-08,2025-04-07
2025-01-07 00:00:00+00:00,31441134,90,2025-01-07,2025-04-06
2025-01-07 00:00:00+00:00,31530689,69,2025-01-19,2025-04-07
2025-01-07 00:00:00+00:00,31543199,31,2025-02-27,2025-04-07
2025-01-07 00:00:00+00:00,31560419,34,2025-02-04,2025-04-06
2025-01-07 00:00:00+00:00,31682871,41,2025-01-30,2025-03-31
2025-01-07 00:00:00+00:00,31859744,64,2025-02-03,2025-04-07
2025-01-07 00:00:00+00:00,31945494,53,2025-02-03,2025-04-07
2025-01-07 00:00:00+00:00,32134287,84,2025-01-07,2025-04-07
2025-01-07 00:00:00+00:00,32185033,34,2025-01-25,2025-04-07
2025-01-07 00:00:00+00:00,32371924,21,2025-01-25,2025-04-07
2025-01-07 00:00:00+00:00,32486859,41,2025-01-10,2025-04-07
2025-01-07 00:00:00+00:00,32585103,49,2025-01-28,2025-04-07
2025-01-07 00:00:00+00:00,32592683,36,2025-01-22,2025-04-07
2025-01-07 00:00:00+00:00,32600458,44,2025-01-19,2025-04-07
2025-01-07 00:00:00+00:00,32606991,64,2025-01-24,2025-04-07
2025-01-07 00:00:00+00:00,32697747,34,2025-01-29,2025-04-07
2025-01-07 00:00:00+00:00,32990586,71,2025-01-27,2025-04-07
2025-01-07 00:00:00+00:00,33336758,36,2025-02-12,2025-04-06
2025-01-07 00:00:00+00:00,34218930,45,2025-01-27,2025-04-06
2025-01-07 00:00:00+00:00,34540951,57,2025-01-30,2025-04-07
2025-01-07 00:00:00+00:00,34866449,48,2025-01-18,2025-04-07
2025-01-07 00:00:00+00:00,35481220,83,2025-01-08,2025-03-31
2025-01-07 00:00:00+00:00,36032020,17,2025-02-20,2025-04-07
2025-01-07 00:00:00+00:00,36632832,61,2025-01-15,2025-04-07
2025-01-07 00:00:00+00:00,36908385,20,2025-02-24,2025-03-31
2025-01-07 00:00:00+00:00,37118794,49,2025-02-08,2025-04-07
2025-01-07 00:00:00+00:00,37347085,77,2025-01-19,2025-04-07
2025-01-07 00:00:00+00:00,37487828,36,2025-01-15,2025-04-07
2025-01-07 00:00:00+00:00,37494985,71,2025-01-16,2025-04-07
2025-01-07 00:00:00+00:00,37708447,31,2025-02-16,2025-04-07
2025-01-07 00:00:00+00:00,37744392,79,2025-01-19,2025-04-07
2025-01-07 00:00:00+00:00,38262480,27,2025-01-31,2025-02-26
2025-01-07 00:00:00+00:00,38319706,65,2025-01-13,2025-04-07
2025-01-07 00:00:00+00:00,38447436,88,2025-01-10,2025-04-07
2025-01-07 00:00:00+00:00,38514587,79,2025-01-19,2025-04-07
2025-01-07 00:00:00+00:00,38638326,67,2025-01-24,2025-04-07
2025-01-07 00:00:00+00:00,38693604,43,2025-01-21,2025-04-07
2025-01-07 00:00:00+00:00,38695314,49,2025-01-12,2025-04-07
2025-01-07 00:00:00+00:00,38730549,65,2025-01-19,2025-04-07
2025-01-07 00:00:00+00:00,38800430,34,2025-02-08,2025-04-07
2025-01-07 00:00:00+00:00,38852725,49,2025-01-26,2025-04-07
2025-01-07 00:00:00+00:00,38899673,65,2025-01-23,2025-04-06
2025-01-07 00:00:00+00:00,38957661,40,2025-02-03,2025-04-07
2025-01-07 00:00:00+00:00,38980085,77,2025-01-13,2025-04-07
2025-01-07 00:00:00+00:00,39007372,82,2025-01-16,2025-04-07
2025-01-07 00:00:00+00:00,39051477,79,2025-01-19,2025-04-07
2025-01-07 00:00:00+00:00,39059902,78,2025-01-10,2025-04-07
2025-01-07 00:00:00+00:00,39109062,61,2025-01-29,2025-04-07
2025-01-07 00:00:00+00:00,39145712,28,2025-02-07,2025-03-24
2025-01-07 00:00:00+00:00,39363955,44,2025-02-03,2025-04-07
2025-01-07 00:00:00+00:00,39394644,77,2025-01-21,2025-04-07
2025-01-07 00:00:00+00:00,39414948,51,2025-02-03,2025-04-07
2025-01-07 00:00:00+00:00,39420557,33,2025-01-27,2025-03-09
2025-01-07 00:00:00+00:00,39507664,23,2025-03-01,2025-04-07
2025-01-07 00:00:00+00:00,39583346,35,2025-01-27,2025-04-06
2025-01-07 00:00:00+00:00,39629644,27,2025-02-15,2025-04-01
2025-01-07 00:00:00+00:00,39635217,16,2025-03-23,2025-04-07
2025-01-07 00:00:00+00:00,39685785,48,2025-02-12,2025-03-31
2025-01-07 00:00:00+00:00,39715668,50,2025-01-14,2025-04-06
2025-01-07 00:00:00+00:00,39972515,46,2025-02-08,2025-04-07
2025-01-07 00:00:00+00:00,40023421,64,2025-02-03,2025-04-07
2025-01-07 00:00:00+00:00,40039627,69,2025-01-07,2025-04-07
2025-01-07 00:00:00+00:00,40191152,76,2025-01-22,2025-04-07
2025-01-07 00:00:00+00:00,40209404,58,2025-01-14,2025-04-07
2025-01-07 00:00:00+00:00,40246675,31,2025-02-25,2025-04-07
2025-01-07 00:00:00+00:00,40250642,73,2025-01-18,2025-03-31
2025-01-07 00:00:00+00:00,40342798,68,2025-01-30,2025-04-07
2025-01-07 00:00:00+00:00,40351988,45,2025-02-15,2025-04-07
2025-01-07 00:00:00+00:00,40371384,77,2025-01-11,2025-04-07
2025-01-07 00:00:00+00:00,40400432,64,2025-01-11,2025-04-07
2025-01-07 00:00:00+00:00,40449599,59,2025-01-28,2025-04-07
2025-01-07 00:00:00+00:00,40560834,77,2025-01-16,2025-04-07
2025-01-07 00:00:00+00:00,40777141,9,2025-01-29,2025-02-27
2025-01-07 00:00:00+00:00,40892344,47,2025-01-27,2025-04-07
2025-01-07 00:00:00+00:00,40899047,37,2025-02-24,2025-04-07
2025-01-07 00:00:00+00:00,40971559,26,2025-01-29,2025-02-23
2025-01-07 00:00:00+00:00,41141790,15,2025-02-24,2025-03-10
2025-01-07 00:00:00+00:00,41147466,32,2025-03-07,2025-04-07
2025-01-07 00:00:00+00:00,41193865,47,2025-01-28,2025-04-07
2025-01-07 00:00:00+00:00,41227471,68,2025-01-11,2025-04-07
2025-01-07 00:00:00+00:00,41260111,71,2025-01-12,2025-04-07
2025-01-07 00:00:00+00:00,41270247,14,2025-02-22,2025-04-07
2025-01-07 00:00:00+00:00,41285546,78,2025-01-12,2025-04-06
2025-01-07 00:00:00+00:00,41404141,49,2025-02-12,2025-04-07
2025-01-07 00:00:00+00:00,41473656,18,2025-03-10,2025-04-07
2025-01-07 00:00:00+00:00,41493620,85,2025-01-13,2025-04-07
2025-01-07 00:00:00+00:00,41532894,57,2025-01-22,2025-04-07
2025-01-07 00:00:00+00:00,41533462,71,2025-01-12,2025-04-07
2025-01-07 00:00:00+00:00,41590719,50,2025-01-14,2025-04-07
2025-01-07 00:00:00+00:00,41664387,45,2025-01-28,2025-04-07
2025-01-07 00:00:00+00:00,41676390,77,2025-01-21,2025-04-07
2025-01-07 00:00:00+00:00,41702158,34,2025-02-08,2025-04-07
2025-01-07 00:00:00+00:00,41761142,34,2025-01-16,2025-04-07
2025-01-07 00:00:00+00:00,41762297,83,2025-01-14,2025-04-06
2025-01-07 00:00:00+00:00,41769298,71,2025-01-07,2025-03-31
2025-01-07 00:00:00+00:00,42003334,56,2025-01-30,2025-04-07
2025-01-07 00:00:00+00:00,42013117,26,2025-01-29,2025-03-12
2025-01-07 00:00:00+00:00,42180312,60,2025-01-27,2025-04-07
2025-01-07 00:00:00+00:00,42335961,74,2025-01-20,2025-04-07
2025-01-07 00:00:00+00:00,42362925,60,2025-01-07,2025-04-07
2025-01-07 00:00:00+00:00,42515348,32,2025-02-18,2025-04-07
2025-01-07 00:00:00+00:00,42588365,32,2025-03-07,2025-04-07
2025-01-07 00:00:00+00:00,42625075,47,2025-01-14,2025-04-07
2025-01-07 00:00:00+00:00,42704327,65,2025-01-16,2025-04-07
2025-01-07 00:00:00+00:00,42709234,58,2025-01-14,2025-04-07
2025-01-07 00:00:00+00:00,42735835,11,2025-01-28,2025-04-06
2025-01-07 00:00:00+00:00,42841323,15,2025-01-20,2025-04-06
2025-01-07 00:00:00+00:00,43379132,14,2025-01-29,2025-04-07
2025-01-07 00:00:00+00:00,43712530,21,2025-02-08,2025-02-28
2025-01-07 00:00:00+00:00,43754654,74,2025-01-23,2025-04-06
2025-01-07 00:00:00+00:00,44075219,10,2025-01-10,2025-01-19
2025-01-07 00:00:00+00:00,44192417,39,2025-01-14,2025-04-07
2025-01-07 00:00:00+00:00,44369632,3,2025-01-15,2025-01-17
2025-01-07 00:00:00+00:00,44895797,5,2025-01-27,2025-01-31
2025-01-07 00:00:00+00:00,45002455,16,2025-02-27,2025-04-07
2025-01-07 00:00:00+00:00,45350304,66,2025-02-01,2025-04-07
2025-01-07 00:00:00+00:00,45480718,11,2025-02-10,2025-04-02
2025-01-07 00:00:00+00:00,45512442,61,2025-01-10,2025-04-07
2025-01-07 00:00:00+00:00,45531969,33,2025-03-06,2025-04-07
2025-01-07 00:00:00+00:00,45621607,58,2025-02-01,2025-04-07
2025-01-07 00:00:00+00:00,45711835,13,2025-02-05,2025-02-23
2025-01-07 00:00:00+00:00,45726200,38,2025-01-11,2025-04-07
2025-01-07 00:00:00+00:00,45768161,70,2025-01-09,2025-04-07
2025-01-07 00:00:00+00:00,45803876,65,2025-01-20,2025-04-07
2025-01-07 00:00:00+00:00,45822839,60,2025-01-30,2025-04-07
2025-01-07 00:00:00+00:00,45889892,47,2025-01-13,2025-04-07
2025-01-07 00:00:00+00:00,45911573,30,2025-01-20,2025-03-05
2025-01-07 00:00:00+00:00,45911990,26,2025-01-27,2025-03-31
2025-01-07 00:00:00+00:00,45923984,21,2025-02-16,2025-04-07
2025-01-07 00:00:00+00:00,45973790,85,2025-01-13,2025-04-07
2025-01-07 00:00:00+00:00,46036384,41,2025-02-01,2025-04-07
2025-01-07 00:00:00+00:00,46048925,78,2025-01-13,2025-04-07
2025-01-07 00:00:00+00:00,46072703,35,2025-02-10,2025-04-06
2025-01-07 00:00:00+00:00,46088002,58,2025-01-28,2025-03-31
2025-01-07 00:00:00+00:00,46116173,21,2025-02-25,2025-04-07
2025-01-07 00:00:00+00:00,46220279,71,2025-01-27,2025-04-07
2025-01-07 00:00:00+00:00,46298558,38,2025-03-01,2025-04-07
2025-01-07 00:00:00+00:00,46327705,40,2025-02-16,2025-03-27
2025-01-07 00:00:00+00:00,46372862,74,2025-01-24,2025-04-07
2025-01-07 00:00:00+00:00,46451253,58,2025-01-24,2025-04-07
2025-01-07 00:00:00+00:00,46530405,70,2025-01-24,2025-04-07
2025-01-07 00:00:00+00:00,46550767,47,2025-01-28,2025-03-31
2025-01-07 00:00:00+00:00,46598066,72,2025-01-26,2025-04-07
2025-01-07 00:00:00+00:00,46678933,84,2025-01-14,2025-04-07
2025-01-07 00:00:00+00:00,46710652,58,2025-01-26,2025-04-07
2025-01-07 00:00:00+00:00,46724379,87,2025-01-10,2025-04-06
2025-01-07 00:00:00+00:00,46769078,79,2025-01-08,2025-04-06
2025-01-07 00:00:00+00:00,46866680,54,2025-01-12,2025-04-07
2025-01-07 00:00:00+00:00,46878566,68,2025-01-29,2025-04-06
2025-01-07 00:00:00+00:00,46896012,45,2025-02-15,2025-03-31
2025-01-07 00:00:00+00:00,46990438,60,2025-01-31,2025-03-31
2025-01-07 00:00:00+00:00,47000276,29,2025-02-16,2025-04-07
2025-01-07 00:00:00+00:00,47006355,49,2025-01-25,2025-04-06
2025-01-07 00:00:00+00:00,47052262,46,2025-02-07,2025-04-07
2025-01-07 00:00:00+00:00,47172145,61,2025-01-13,2025-04-06
2025-01-07 00:00:00+00:00,47213093,22,2025-02-17,2025-03-31
2025-01-07 00:00:00+00:00,47232230,16,2025-02-12,2025-02-27
2025-01-07 00:00:00+00:00,47254288,48,2025-02-08,2025-04-07
2025-01-07 00:00:00+00:00,47260862,31,2025-01-29,2025-04-07
2025-01-07 00:00:00+00:00,47269826,12,2025-02-17,2025-02-28
2025-01-07 00:00:00+00:00,47325492,72,2025-01-22,2025-04-07
2025-01-07 00:00:00+00:00,47326216,74,2025-01-18,2025-04-07
2025-01-07 00:00:00+00:00,47421617,36,2025-02-24,2025-03-31
2025-01-07 00:00:00+00:00,47558531,77,2025-01-21,2025-04-07
2025-01-07 00:00:00+00:00,47783121,39,2025-02-10,2025-04-07
2025-01-07 00:00:00+00:00,47891397,68,2025-01-13,2025-04-07
2025-01-07 00:00:00+00:00,47909482,54,2025-02-07,2025-04-07
2025-01-07 00:00:00+00:00,48080102,28,2025-02-23,2025-03-22
2025-01-07 00:00:00+00:00,48109229,56,2025-02-11,2025-04-07
2025-01-07 00:00:00+00:00,48158176,28,2025-02-05,2025-04-07
2025-01-07 00:00:00+00:00,48243472,38,2025-01-12,2025-02-28
2025-01-07 00:00:00+00:00,48254075,20,2025-01-29,2025-02-28
2025-01-07 00:00:00+00:00,48624860,8,2025-01-10,2025-04-07
2025-01-07 00:00:00+00:00,48699117,40,2025-01-12,2025-04-07
2025-01-07 00:00:00+00:00,48848529,77,2025-01-16,2025-04-07
2025-01-07 00:00:00+00:00,48941838,38,2025-02-08,2025-04-07
2025-01-07 00:00:00+00:00,49050392,46,2025-02-09,2025-03-31
2025-01-07 00:00:00+00:00,49123621,73,2025-01-12,2025-04-07
2025-01-07 00:00:00+00:00,49369605,16,2025-02-25,2025-04-02
2025-01-07 00:00:00+00:00,49824103,34,2025-02-24,2025-04-07
2025-01-07 00:00:00+00:00,49968308,18,2025-02-09,2025-03-31
2025-01-07 00:00:00+00:00,50047341,23,2025-02-17,2025-04-07
2025-01-07 00:00:00+00:00,50059423,31,2025-02-15,2025-04-07
2025-01-07 00:00:00+00:00,50085393,21,2025-01-28,2025-02-27
2025-01-07 00:00:00+00:00,50561328,5,2025-02-09,2025-02-27
2025-01-07 00:00:00+00:00,50958684,61,2025-01-12,2025-04-07
2025-01-07 00:00:00+00:00,51301217,67,2025-01-21,2025-04-07
2025-01-07 00:00:00+00:00,51405106,61,2025-02-01,2025-04-07
2025-01-07 00:00:00+00:00,51453135,63,2025-01-12,2025-03-31
2025-01-07 00:00:00+00:00,51507847,16,2025-02-19,2025-04-07
2025-01-07 00:00:00+00:00,51669111,80,2025-01-08,2025-04-07
2025-01-07 00:00:00+00:00,51683537,23,2025-02-23,2025-04-07
2025-01-07 00:00:00+00:00,51785337,43,2025-02-12,2025-04-07
2025-01-07 00:00:00+00:00,51825638,61,2025-01-27,2025-04-07
2025-01-07 00:00:00+00:00,51866473,32,2025-02-18,2025-04-07
2025-01-07 00:00:00+00:00,51983017,29,2025-02-26,2025-04-07
2025-01-07 00:00:00+00:00,51990592,60,2025-01-16,2025-04-07
2025-01-07 00:00:00+00:00,52025452,52,2025-01-28,2025-04-07
2025-01-07 00:00:00+00:00,52059007,79,2025-01-07,2025-04-07
2025-01-07 00:00:00+00:00,52172003,29,2025-03-10,2025-04-07
2025-01-07 00:00:00+00:00,52214716,66,2025-01-18,2025-04-07
2025-01-07 00:00:00+00:00,52266549,63,2025-01-27,2025-04-07
2025-01-07 00:00:00+00:00,52346232,46,2025-01-14,2025-04-07
2025-01-07 00:00:00+00:00,52348108,30,2025-03-09,2025-04-07
2025-01-07 00:00:00+00:00,52354467,55,2025-02-01,2025-04-07
2025-01-07 00:00:00+00:00,52530322,65,2025-01-08,2025-04-07
2025-01-07 00:00:00+00:00,52536443,6,2025-03-03,2025-03-31
2025-01-07 00:00:00+00:00,52596621,90,2025-01-08,2025-04-07
2025-01-07 00:00:00+00:00,52619006,53,2025-01-11,2025-04-06
2025-01-07 00:00:00+00:00,52646204,53,2025-02-01,2025-04-07
2025-01-07 00:00:00+00:00,52650644,62,2025-01-15,2025-04-07
2025-01-07 00:00:00+00:00,52670832,4,2025-04-04,2025-04-07
2025-01-07 00:00:00+00:00,52758042,89,2025-01-09,2025-04-07
2025-01-07 00:00:00+00:00,52884842,89,2025-01-09,2025-04-07
2025-01-07 00:00:00+00:00,52969803,57,2025-01-22,2025-04-07
2025-01-07 00:00:00+00:00,53008127,43,2025-01-19,2025-04-07
2025-01-07 00:00:00+00:00,53113087,35,2025-01-30,2025-04-07
2025-01-07 00:00:00+00:00,53133732,69,2025-01-29,2025-04-07
2025-01-07 00:00:00+00:00,53154219,74,2025-01-24,2025-04-07
2025-01-07 00:00:00+00:00,53175731,88,2025-01-10,2025-04-07
2025-01-07 00:00:00+00:00,53190433,19,2025-03-11,2025-04-06
2025-01-07 00:00:00+00:00,53195241,72,2025-01-10,2025-04-07
2025-01-07 00:00:00+00:00,53240300,63,2025-01-16,2025-04-07
2025-01-07 00:00:00+00:00,53280496,13,2025-03-09,2025-04-07
2025-01-07 00:00:00+00:00,53314692,47,2025-02-17,2025-04-07
2025-01-07 00:00:00+00:00,53325047,46,2025-01-24,2025-04-06
2025-01-07 00:00:00+00:00,53337464,76,2025-01-22,2025-04-07
2025-01-07 00:00:00+00:00,53340772,56,2025-02-11,2025-04-07
2025-01-07 00:00:00+00:00,53445765,45,2025-02-10,2025-04-07
2025-01-07 00:00:00+00:00,53448627,21,2025-02-03,2025-03-09
2025-01-07 00:00:00+00:00,53458717,43,2025-02-21,2025-04-07
2025-01-07 00:00:00+00:00,53474066,26,2025-01-21,2025-04-07
2025-01-07 00:00:00+00:00,53492577,28,2025-03-04,2025-04-07
2025-01-07 00:00:00+00:00,53581602,57,2025-02-09,2025-04-06
2025-01-07 00:00:00+00:00,53605382,39,2025-01-21,2025-04-07
2025-01-07 00:00:00+00:00,53643568,22,2025-01-15,2025-03-06
2025-01-07 00:00:00+00:00,53645678,48,2025-02-19,2025-04-07
2025-01-07 00:00:00+00:00,53669499,59,2025-01-20,2025-03-19
2025-01-07 00:00:00+00:00,53671997,23,2025-03-01,2025-04-07
2025-01-07 00:00:00+00:00,53717416,63,2025-01-21,2025-04-07
2025-01-07 00:00:00+00:00,53733977,38,2025-01-16,2025-03-31
2025-01-07 00:00:00+00:00,53738511,64,2025-01-27,2025-03-31
2025-01-07 00:00:00+00:00,53794321,66,2025-01-11,2025-04-07
2025-01-07 00:00:00+00:00,53803935,21,2025-02-03,2025-03-09
2025-01-07 00:00:00+00:00,53815397,72,2025-01-22,2025-04-07
2025-01-07 00:00:00+00:00,53825192,35,2025-01-18,2025-04-07
2025-01-07 00:00:00+00:00,53893648,43,2025-02-17,2025-04-07
2025-01-07 00:00:00+00:00,53899162,72,2025-01-11,2025-04-07
2025-01-07 00:00:00+00:00,53903158,53,2025-02-13,2025-04-06
2025-01-07 00:00:00+00:00,53914255,34,2025-02-11,2025-04-07
2025-01-07 00:00:00+00:00,53915734,64,2025-01-21,2025-03-31
2025-01-07 00:00:00+00:00,53918137,62,2025-01-19,2025-04-07
2025-01-07 00:00:00+00:00,53936201,30,2025-02-15,2025-04-07
2025-01-07 00:00:00+00:00,53972959,60,2025-01-28,2025-04-07
2025-01-07 00:00:00+00:00,53973724,48,2025-02-16,2025-04-07
2025-01-07 00:00:00+00:00,53986731,15,2025-03-06,2025-03-30
2025-01-07 00:00:00+00:00,54020562,29,2025-01-20,2025-03-05
2025-01-07 00:00:00+00:00,54167570,60,2025-02-03,2025-04-07
2025-01-07 00:00:00+00:00,54245203,23,2025-02-02,2025-03-09
2025-01-07 00:00:00+00:00,54246694,76,2025-01-22,2025-04-07
2025-01-07 00:00:00+00:00,54287612,37,2025-03-02,2025-04-07
2025-01-07 00:00:00+00:00,525472560929976068,69,2025-01-09,2025-04-07
2025-01-07 00:00:00+00:00,549056203343531816,24,2025-02-02,2025-04-06
2025-01-07 00:00:00+00:00,552912581186899747,49,2025-02-12,2025-04-07
2025-01-07 00:00:00+00:00,553578003486746447,15,2025-02-18,2025-03-04
2025-01-07 00:00:00+00:00,572368704250611987,36,2025-02-23,2025-04-07
2025-01-07 00:00:00+00:00,573122310094338767,34,2025-03-05,2025-04-07
2025-01-07 00:00:00+00:00,577333685681759877,28,2025-01-16,2025-04-07
2025-01-07 00:00:00+00:00,577547502503396579,48,2025-01-26,2025-04-07
2025-01-07 00:00:00+00:00,580407424598756855,23,2025-02-28,2025-04-07
2025-01-07 00:00:00+00:00,599368528094352718,13,2025-02-22,2025-04-07
2025-01-07 00:00:00+00:00,604521043281534642,27,2025-01-13,2025-03-14
2025-01-07 00:00:00+00:00,605748852048435444,48,2025-01-26,2025-04-07
2025-01-07 00:00:00+00:00,610155932497817911,65,2025-01-26,2025-03-31
2025-01-07 00:00:00+00:00,612245203931813020,56,2025-01-10,2025-04-07
2025-01-07 00:00:00+00:00,613221032690703355,41,2025-01-23,2025-04-03
2025-01-07 00:00:00+00:00,618943952389206201,67,2025-01-12,2025-04-07
2025-01-07 00:00:00+00:00,621626596784793972,43,2025-02-06,2025-03-31
2025-01-07 00:00:00+00:00,627388721154300829,23,2025-02-01,2025-04-07
2025-01-07 00:00:00+00:00,628340205412932131,10,2025-02-07,2025-03-03
2025-01-07 00:00:00+00:00,628897724940732017,25,2025-02-02,2025-03-09
2025-01-07 00:00:00+00:00,629724091250673746,47,2025-01-13,2025-04-07
2025-01-07 00:00:00+00:00,630326155301078742,37,2025-02-11,2025-04-07
2025-01-07 00:00:00+00:00,633809099013662442,32,2025-02-05,2025-04-07
2025-01-07 00:00:00+00:00,639163267116212627,8,2025-01-20,2025-01-30
2025-01-07 00:00:00+00:00,645092818132652927,29,2025-02-21,2025-04-07
2025-01-07 00:00:00+00:00,667324814851452653,54,2025-01-31,2025-04-07
2025-01-07 00:00:00+00:00,668715506986619718,45,2025-01-13,2025-03-31
2025-01-07 00:00:00+00:00,670778657683556451,41,2025-01-22,2025-03-31
2025-01-07 00:00:00+00:00,673825002694927178,42,2025-01-27,2025-03-31
2025-01-07 00:00:00+00:00,673826204715344716,53,2025-01-21,2025-03-31
2025-01-07 00:00:00+00:00,673826267743797671,27,2025-03-05,2025-03-31
2025-01-07 00:00:00+00:00,674566887638611404,32,2025-01-20,2025-04-07
2025-01-07 00:00:00+00:00,675242237586865339,63,2025-01-07,2025-04-07
2025-01-07 00:00:00+00:00,678242953903453952,40,2025-01-24,2025-04-07
2025-01-07 00:00:00+00:00,679166677359467385,66,2025-01-20,2025-04-07
2025-01-07 00:00:00+00:00,681139047695558927,47,2025-01-17,2025-03-17
2025-01-07 00:00:00+00:00,681894806923375678,39,2025-01-29,2025-03-31
2025-01-07 00:00:00+00:00,684782448665574114,47,2025-02-12,2025-04-07
2025-01-07 00:00:00+00:00,687757820659405525,77,2025-01-11,2025-04-07
2025-01-07 00:00:00+00:00,693024169316156606,44,2025-01-23,2025-03-31
2025-01-07 00:00:00+00:00,694313018923554703,19,2025-02-26,2025-03-31
2025-01-07 00:00:00+00:00,694947516825280143,14,2025-02-07,2025-04-07
2025-01-07 00:00:00+00:00,703527486074504582,53,2025-02-07,2025-03-31
2025-01-07 00:00:00+00:00,703538637731385185,63,2025-01-28,2025-04-07
2025-01-07 00:00:00+00:00,705946468067026302,50,2025-01-28,2025-04-07
2025-01-07 00:00:00+00:00,708045427082372124,81,2025-01-13,2025-04-07
2025-01-07 00:00:00+00:00,711032530664362412,35,2025-01-27,2025-04-06
2025-01-07 00:00:00+00:00,716703779507124462,72,2025-01-13,2025-03-31
2025-01-07 00:00:00+00:00,719355891470345652,65,2025-01-28,2025-04-07
2025-01-07 00:00:00+00:00,721635424816164605,46,2025-01-29,2025-04-07
2025-01-07 00:00:00+00:00,725867973010290782,53,2025-01-09,2025-04-07
2025-01-07 00:00:00+00:00,730437501239201082,71,2025-01-27,2025-04-07
2025-01-07 00:00:00+00:00,730553947980169722,65,2025-02-01,2025-04-07
2025-01-07 00:00:00+00:00,734774611454860165,51,2025-02-10,2025-04-07
2025-01-07 00:00:00+00:00,734843676958831992,32,2025-01-24,2025-04-07
2025-01-07 00:00:00+00:00,735732850757918650,26,2025-02-26,2025-04-07
2025-01-07 00:00:00+00:00,739015384619300207,58,2025-02-02,2025-03-31
2025-01-07 00:00:00+00:00,739663897909156017,72,2025-01-12,2025-04-07
2025-01-07 00:00:00+00:00,742262889162653132,56,2025-01-12,2025-03-31
2025-01-07 00:00:00+00:00,744210382596366805,42,2025-01-31,2025-04-07
2025-01-07 00:00:00+00:00,745632820094188215,12,2025-02-01,2025-03-09
2025-01-07 00:00:00+00:00,746451645715267085,78,2025-01-20,2025-04-07
2025-01-07 00:00:00+00:00,748336742434217963,31,2025-01-21,2025-04-07
2025-01-07 00:00:00+00:00,753461577197808016,73,2025-01-11,2025-03-31
2025-01-07 00:00:00+00:00,753566944813003124,56,2025-01-15,2025-04-07
2025-01-07 00:00:00+00:00,754141022905987471,67,2025-01-31,2025-04-07
2025-01-07 00:00:00+00:00,754375397775403281,82,2025-01-08,2025-04-07
2025-01-07 00:00:00+00:00,754796838418506202,55,2025-01-24,2025-04-07
2025-01-07 00:00:00+00:00,756997201912524343,84,2025-01-14,2025-04-07
2025-01-07 00:00:00+00:00,762112217871324562,51,2025-01-13,2025-04-07
2025-01-07 00:00:00+00:00,762916089194134311,90,2025-01-08,2025-04-07
2025-01-07 00:00:00+00:00,766052072199682693,44,2025-02-12,2025-04-07
2025-01-07 00:00:00+00:00,766156195693050227,53,2025-02-10,2025-04-07
2025-01-07 00:00:00+00:00,766788707373767791,27,2025-02-09,2025-04-06
2025-01-07 00:00:00+00:00,767407262472265686,63,2025-01-12,2025-04-07
2025-01-07 00:00:00+00:00,769009482417170004,47,2025-01-23,2025-04-07
2025-01-07 00:00:00+00:00,769616108652112172,33,2025-02-25,2025-04-07
2025-01-07 00:00:00+00:00,770131545986036241,65,2025-01-13,2025-04-07
2025-01-07 00:00:00+00:00,771111761043546355,62,2025-02-04,2025-04-06
2025-01-07 00:00:00+00:00,771134836709283777,15,2025-02-23,2025-04-07
2025-01-07 00:00:00+00:00,772261416620745030,69,2025-01-18,2025-04-07
2025-01-07 00:00:00+00:00,778933432062496662,60,2025-01-18,2025-04-07
2025-01-07 00:00:00+00:00,779104726998664227,38,2025-01-31,2025-04-06
2025-01-07 00:00:00+00:00,780376166619260652,44,2025-02-23,2025-04-07
2025-01-07 00:00:00+00:00,780872235421635957,44,2025-01-15,2025-03-31
2025-01-07 00:00:00+00:00,782548209247570691,41,2025-02-11,2025-04-07
2025-01-07 00:00:00+00:00,782734966853311782,66,2025-01-21,2025-04-07
2025-01-07 00:00:00+00:00,783879004243392314,68,2025-01-23,2025-04-07
2025-01-07 00:00:00+00:00,784598714032826222,71,2025-01-14,2025-04-07
2025-01-07 00:00:00+00:00,784836681288428817,65,2025-01-23,2025-04-07
2025-01-07 00:00:00+00:00,785658004981722606,74,2025-01-17,2025-03-31
2025-01-07 00:00:00+00:00,786307999394390316,47,2025-01-16,2025-04-07
2025-01-07 00:00:00+00:00,786807324710664147,33,2025-02-12,2025-04-07
2025-01-07 00:00:00+00:00,787195284335262595,54,2025-02-02,2025-04-07
2025-01-07 00:00:00+00:00,787847078680683474,50,2025-01-11,2025-04-07
2025-01-07 00:00:00+00:00,790006111813482352,68,2025-01-18,2025-04-07
2025-01-07 00:00:00+00:00,790431243381422888,82,2025-01-08,2025-04-07
2025-01-07 00:00:00+00:00,790518755885066166,36,2025-01-26,2025-04-07
2025-01-07 00:00:00+00:00,790752171303746450,73,2025-01-08,2025-04-07
2025-01-07 00:00:00+00:00,792096103347120988,49,2025-01-23,2025-04-06
2025-01-07 00:00:00+00:00,792184367926408145,44,2025-02-17,2025-04-06
2025-01-07 00:00:00+00:00,794710559970994170,51,2025-01-27,2025-04-07
2025-01-07 00:00:00+00:00,794996321339600522,18,2025-01-26,2025-02-22
2025-01-07 00:00:00+00:00,795495744056169046,53,2025-01-20,2025-04-07
2025-01-07 00:00:00+00:00,796481545034280714,63,2025-01-17,2025-04-07
2025-01-07 00:00:00+00:00,797261187302809924,62,2025-01-11,2025-04-07
2025-01-07 00:00:00+00:00,798475021925579344,48,2025-02-04,2025-04-06
2025-01-07 00:00:00+00:00,798609957167332367,72,2025-01-20,2025-04-07
2025-01-07 00:00:00+00:00,798631136594423222,56,2025-01-21,2025-04-07
2025-01-07 00:00:00+00:00,799251513158018593,47,2025-02-20,2025-04-07
2025-01-07 00:00:00+00:00,800942299109284552,48,2025-02-04,2025-04-06
2025-01-07 00:00:00+00:00,801271167231006592,21,2025-03-18,2025-04-07
2025-01-07 00:00:00+00:00,801611117719633492,54,2025-01-21,2025-04-07
2025-01-07 00:00:00+00:00,802047490248101970,22,2025-03-17,2025-04-07
2025-01-07 00:00:00+00:00,802357806571870530,30,2025-03-09,2025-04-07
2025-01-07 00:00:00+00:00,805726391815686158,42,2025-01-27,2025-04-07
2025-01-07 00:00:00+00:00,806702099486447309,55,2025-01-31,2025-04-07
2025-01-07 00:00:00+00:00,807400945391416643,30,2025-01-12,2025-04-06
2025-01-07 00:00:00+00:00,807898347637042057,16,2025-03-23,2025-04-07
2025-01-07 00:00:00+00:00,811053746893495263,53,2025-01-21,2025-04-07
2025-01-07 00:00:00+00:00,812231708820863156,49,2025-01-31,2025-04-07
2025-01-07 00:00:00+00:00,815806026505024003,33,2025-01-27,2025-03-17
2025-01-07 00:00:00+00:00,816613605644920543,82,2025-01-08,2025-04-07
2025-01-07 00:00:00+00:00,821574780923920105,41,2025-02-15,2025-04-07
2025-01-07 00:00:00+00:00,821920276390293366,44,2025-01-09,2025-04-07
2025-01-07 00:00:00+00:00,822365439954007216,67,2025-01-13,2025-04-07
2025-01-07 00:00:00+00:00,826063757882656916,69,2025-01-07,2025-04-06
2025-01-07 00:00:00+00:00,826617189908528565,44,2025-01-20,2025-04-07
2025-01-07 00:00:00+00:00,828036946101813387,19,2025-03-01,2025-04-07
2025-01-07 00:00:00+00:00,831740758559247685,34,2025-02-21,2025-03-31
2025-01-07 00:00:00+00:00,832123000813215722,70,2025-01-28,2025-04-07
2025-01-07 00:00:00+00:00,836385234465202348,29,2025-01-26,2025-03-31
2025-01-07 00:00:00+00:00,836415940545761422,60,2025-01-29,2025-04-07
2025-01-07 00:00:00+00:00,837646263953285868,57,2025-01-18,2025-04-07
2025-01-07 00:00:00+00:00,840525492567265584,34,2025-02-16,2025-04-07
2025-01-07 00:00:00+00:00,841394344184198064,31,2025-01-21,2025-03-31
2025-01-07 00:00:00+00:00,844864653127085626,63,2025-01-12,2025-04-07
2025-01-07 00:00:00+00:00,850675824952359571,68,2025-01-10,2025-03-31
2025-01-07 00:00:00+00:00,850931966820064700,46,2025-01-27,2025-04-07
2025-01-07 00:00:00+00:00,856482117556875618,17,2025-03-22,2025-04-07
2025-01-07 00:00:00+00:00,859653300578357102,57,2025-01-28,2025-03-31
2025-01-07 00:00:00+00:00,871084107630048364,41,2025-02-09,2025-04-07
2025-01-07 00:00:00+00:00,873125740517449213,71,2025-01-17,2025-04-07
2025-01-07 00:00:00+00:00,873255393900331818,66,2025-02-01,2025-04-07
2025-01-07 00:00:00+00:00,873260132509992833,13,2025-02-15,2025-02-27
2025-01-07 00:00:00+00:00,881204142086821328,55,2025-01-28,2025-04-07
2025-01-07 00:00:00+00:00,892721989592935461,40,2025-01-19,2025-04-07
2025-01-07 00:00:00+00:00,894985131313802009,55,2025-02-07,2025-04-07
2025-01-07 00:00:00+00:00,897144549301156856,10,2025-01-12,2025-03-05
2025-01-07 00:00:00+00:00,900757690500508426,47,2025-01-12,2025-04-07
2025-01-07 00:00:00+00:00,902324773092897293,10,2025-01-09,2025-01-18
2025-01-07 00:00:00+00:00,904512525045117852,34,2025-01-24,2025-04-07
2025-01-07 00:00:00+00:00,906701409648697471,44,2025-02-07,2025-04-07
2025-01-07 00:00:00+00:00,910707550951342167,2,2025-04-06,2025-04-07
2025-01-07 00:00:00+00:00,910815231577364751,47,2025-01-14,2025-04-07
2025-01-07 00:00:00+00:00,911476333007658783,43,2025-01-27,2025-04-07
2025-01-07 00:00:00+00:00,912678193847993947,77,2025-01-08,2025-04-06
2025-01-07 00:00:00+00:00,913929715874853789,55,2025-01-15,2025-04-07
2025-01-07 00:00:00+00:00,914342944500490787,42,2025-02-24,2025-04-06
2025-01-07 00:00:00+00:00,916052715744473224,53,2025-01-07,2025-02-28
2025-01-07 00:00:00+00:00,923133320997277084,50,2025-01-18,2025-04-04
2025-01-07 00:00:00+00:00,929120660817262874,85,2025-01-13,2025-04-07
2025-01-07 00:00:00+00:00,936216057908307884,57,2025-01-28,2025-04-07
2025-01-07 00:00:00+00:00,939218400123538892,34,2025-02-22,2025-03-27
2025-01-07 00:00:00+00:00,939325387438995809,56,2025-01-10,2025-04-07
2025-01-07 00:00:00+00:00,939698664229028471,27,2025-02-02,2025-04-07
2025-01-07 00:00:00+00:00,944320965810800803,73,2025-01-24,2025-04-07
2025-01-07 00:00:00+00:00,946451380352813662,15,2025-01-15,2025-04-07
2025-01-07 00:00:00+00:00,946609581890906389,24,2025-02-25,2025-04-07
2025-01-07 00:00:00+00:00,956398979498945273,32,2025-03-07,2025-04-07
2025-01-07 00:00:00+00:00,956676934234107014,24,2025-01-27,2025-03-30
2025-01-07 00:00:00+00:00,957349094500016515,69,2025-01-25,2025-04-07
2025-01-07 00:00:00+00:00,963040775940890055,68,2025-01-12,2025-04-07
2025-01-07 00:00:00+00:00,963916345061155113,35,2025-02-01,2025-03-31
2025-01-07 00:00:00+00:00,964579064376617710,61,2025-01-31,2025-04-07
2025-01-07 00:00:00+00:00,965310801955633109,50,2025-02-05,2025-04-07
2025-01-07 00:00:00+00:00,966687088388761169,84,2025-01-14,2025-04-07
2025-01-07 00:00:00+00:00,968213956640500474,72,2025-01-14,2025-04-07
2025-01-07 00:00:00+00:00,973272705231391942,45,2025-02-15,2025-03-31
2025-01-07 00:00:00+00:00,978095320445301654,69,2025-01-14,2025-04-07
2025-01-07 00:00:00+00:00,978244263452010977,40,2025-01-13,2025-04-07
2025-01-07 00:00:00+00:00,980310639590708922,78,2025-01-10,2025-04-07
2025-01-07 00:00:00+00:00,982642009007231841,47,2025-02-09,2025-04-07
2025-01-07 00:00:00+00:00,983188724209547131,63,2025-01-27,2025-04-07
2025-01-07 00:00:00+00:00,984846668146064982,50,2025-01-15,2025-03-08
2025-01-07 00:00:00+00:00,985716714802993034,34,2025-03-05,2025-04-07
2025-01-07 00:00:00+00:00,986245345084467584,73,2025-01-25,2025-04-07
2025-01-07 00:00:00+00:00,986407426689940399,33,2025-01-18,2025-04-07
2025-01-07 00:00:00+00:00,986565062867231257,89,2025-01-07,2025-04-07
2025-01-07 00:00:00+00:00,991407580891691701,54,2025-01-20,2025-04-07
2025-01-07 00:00:00+00:00,995680028058206783,83,2025-01-07,2025-04-07
2025-01-07 00:00:00+00:00,999226382307972271,72,2025-01-20,2025-04-07
2025-01-07 00:00:00+00:00,1002785860497857801,67,2025-01-23,2025-04-07
2025-01-07 00:00:00+00:00,1004496327455456339,68,2025-01-10,2025-04-06
2025-01-07 00:00:00+00:00,1004910078575857573,27,2025-01-19,2025-03-16
2025-01-07 00:00:00+00:00,1005860682746801029,62,2025-01-30,2025-04-07
2025-01-07 00:00:00+00:00,1005958896607152946,53,2025-01-25,2025-03-31
2025-01-07 00:00:00+00:00,1006396584243125090,67,2025-01-17,2025-04-07
2025-01-07 00:00:00+00:00,1008029204257210230,62,2025-01-21,2025-03-31
2025-01-07 00:00:00+00:00,1011115904222911872,69,2025-01-14,2025-04-07
2025-01-07 00:00:00+00:00,1011714999685071594,15,2025-03-24,2025-04-07
2025-01-07 00:00:00+00:00,1014245162199655907,33,2025-03-06,2025-04-07
2025-01-07 00:00:00+00:00,1015691857467598452,55,2025-01-20,2025-03-31
2025-01-07 00:00:00+00:00,1019041007385326527,43,2025-02-17,2025-04-07
2025-01-07 00:00:00+00:00,1019453731090411731,72,2025-01-26,2025-04-07
2025-01-07 00:00:00+00:00,1023885231203292759,67,2025-01-26,2025-04-07
2025-01-07 00:00:00+00:00,1025356251415331533,26,2025-01-17,2025-04-07
2025-01-07 00:00:00+00:00,1030981527494824971,24,2025-03-15,2025-04-07
2025-01-07 00:00:00+00:00,1031938290013047428,69,2025-01-15,2025-04-07
2025-01-07 00:00:00+00:00,1034873975277447845,49,2025-01-19,2025-04-07
2025-01-07 00:00:00+00:00,1035628196408986358,30,2025-01-31,2025-04-07
2025-01-07 00:00:00+00:00,1036955655225647222,70,2025-01-13,2025-04-07
2025-01-07 00:00:00+00:00,1037047027853581998,43,2025-01-08,2025-03-31
2025-01-07 00:00:00+00:00,1039235354309448898,65,2025-01-21,2025-04-07
2025-01-07 00:00:00+00:00,1042032092670718662,24,2025-01-27,2025-04-06
2025-01-07 00:00:00+00:00,1044458170286255125,46,2025-02-12,2025-04-07
2025-01-07 00:00:00+00:00,1045459185575382038,80,2025-01-12,2025-04-07
2025-01-07 00:00:00+00:00,1045520246239520927,67,2025-01-30,2025-04-06
2025-01-07 00:00:00+00:00,1045916135727198441,46,2025-02-21,2025-04-07
2025-01-07 00:00:00+00:00,1046547202929220520,46,2025-01-29,2025-04-07
2025-01-07 00:00:00+00:00,1047723626454445067,91,2025-01-07,2025-04-07
2025-01-07 00:00:00+00:00,1048804459244346908,67,2025-01-31,2025-04-07
2025-01-07 00:00:00+00:00,1049417084065072931,6,2025-01-26,2025-01-31
2025-01-07 00:00:00+00:00,1050857413300266721,48,2025-01-15,2025-04-02
2025-01-07 00:00:00+00:00,1052110098791057231,40,2025-01-08,2025-04-07
2025-01-07 00:00:00+00:00,1052490589225547467,54,2025-02-13,2025-04-07
2025-01-07 00:00:00+00:00,1053132609735844516,11,2025-02-27,2025-03-09
2025-01-07 00:00:00+00:00,1053425333694349352,48,2025-01-13,2025-04-07
2025-01-07 00:00:00+00:00,1053522951026570547,72,2025-01-26,2025-04-07
2025-01-07 00:00:00+00:00,1053851019443958006,77,2025-01-21,2025-04-07
2025-01-07 00:00:00+00:00,1054265461023254222,55,2025-01-11,2025-04-07
2025-01-07 00:00:00+00:00,1055163452693752832,51,2025-01-22,2025-04-07
2025-01-07 00:00:00+00:00,1056816282920055514,63,2025-01-11,2025-03-31
2025-01-07 00:00:00+00:00,1056827534457537585,78,2025-01-20,2025-04-07
2025-01-07 00:00:00+00:00,1057137469420115073,58,2025-01-08,2025-04-07
2025-01-07 00:00:00+00:00,1057964852411462810,64,2025-02-03,2025-04-07
2025-01-07 00:00:00+00:00,1058193595817353204,28,2025-02-27,2025-04-04
2025-01-07 00:00:00+00:00,1058777213156843238,11,2025-02-02,2025-04-07
2025-01-07 00:00:00+00:00,1060712994513047104,65,2025-01-11,2025-04-07
2025-01-07 00:00:00+00:00,1062221285605590578,69,2025-01-13,2025-04-07
2025-01-07 00:00:00+00:00,1062615116593634676,53,2025-01-15,2025-04-07
2025-01-07 00:00:00+00:00,1063807278503566143,57,2025-01-29,2025-04-07
2025-01-07 00:00:00+00:00,1066545050089987954,59,2025-01-14,2025-04-07
2025-01-07 00:00:00+00:00,1067320906990424780,48,2025-02-12,2025-04-07
2025-01-07 00:00:00+00:00,1070343877574441166,7,2025-01-13,2025-04-02
2025-01-07 00:00:00+00:00,1074031328011239995,89,2025-01-08,2025-04-06
2025-01-07 00:00:00+00:00,1075444278753674442,45,2025-01-30,2025-04-07
2025-01-07 00:00:00+00:00,1077396104359577731,20,2025-02-11,2025-04-07
2025-01-07 00:00:00+00:00,1081972140987250431,50,2025-01-30,2025-04-07
2025-01-07 00:00:00+00:00,1082133757143221839,5,2025-01-27,2025-01-31
2025-01-07 00:00:00+00:00,1083301106167776779,21,2025-03-06,2025-04-07
2025-01-07 00:00:00+00:00,1084601543056055517,63,2025-02-04,2025-04-07
2025-01-07 00:00:00+00:00,1085437829031467755,32,2025-02-25,2025-04-07
2025-01-07 00:00:00+00:00,1088251024341369589,3,2025-02-05,2025-02-07
2025-01-07 00:00:00+00:00,1091408953130822622,48,2025-01-13,2025-04-07
2025-01-07 00:00:00+00:00,1100720037663116812,47,2025-01-20,2025-04-07
2025-01-07 00:00:00+00:00,1100991386372756521,81,2025-01-13,2025-04-07
2025-01-07 00:00:00+00:00,1111626053814730010,53,2025-01-31,2025-04-07
2025-01-07 00:00:00+00:00,1124052077567202180,4,2025-04-03,2025-04-06
2025-01-07 00:00:00+00:00,1125970477826966385,55,2025-01-08,2025-04-07
2025-01-07 00:00:00+00:00,1131810056799937593,68,2025-01-20,2025-04-07
2025-01-07 00:00:00+00:00,1137698308528017474,40,2025-02-03,2025-04-07
2025-01-07 00:00:00+00:00,1139831117529014384,68,2025-01-24,2025-04-07
2025-01-07 00:00:00+00:00,1147824179020677628,36,2025-01-21,2025-04-06
2025-01-07 00:00:00+00:00,1153493820067017135,44,2025-02-06,2025-04-07
2025-01-07 00:00:00+00:00,1153552657765472365,22,2025-02-04,2025-04-07
2025-01-07 00:00:00+00:00,1161796266594364332,7,2025-02-27,2025-04-07
2025-01-07 00:00:00+00:00,1161927707286622818,27,2025-01-14,2025-04-07
2025-01-07 00:00:00+00:00,1163772289534164479,55,2025-01-09,2025-04-07
2025-01-07 00:00:00+00:00,1173260792743932663,28,2025-01-25,2025-02-25
2025-01-07 00:00:00+00:00,1174263938200349649,76,2025-01-13,2025-04-07
2025-01-07 00:00:00+00:00,1179103047052148475,34,2025-01-29,2025-04-07
2025-01-07 00:00:00+00:00,1181933658424522281,64,2025-01-19,2025-04-07
2025-01-07 00:00:00+00:00,1181944920258781413,68,2025-01-15,2025-04-07
2025-01-07 00:00:00+00:00,1181971107577983158,66,2025-01-16,2025-04-07
2025-01-07 00:00:00+00:00,1182018398755268829,58,2025-01-16,2025-04-07
2025-01-07 00:00:00+00:00,1182028381058524086,55,2025-01-14,2025-04-07
2025-01-07 00:00:00+00:00,1182040498646675653,57,2025-01-13,2025-04-07
2025-01-07 00:00:00+00:00,1182043782165637473,59,2025-01-22,2025-04-07
2025-01-07 00:00:00+00:00,1182070530301053205,56,2025-01-15,2025-04-07
2025-01-07 00:00:00+00:00,1183418487997408853,49,2025-01-29,2025-04-07
2025-01-07 00:00:00+00:00,1184152596221501552,62,2025-01-22,2025-04-07
2025-01-07 00:00:00+00:00,1187061700423806804,62,2025-01-12,2025-04-07
2025-01-07 00:00:00+00:00,1187558666042801587,53,2025-01-23,2025-04-07
2025-01-07 00:00:00+00:00,1187772975255244525,54,2025-01-28,2025-04-07
2025-01-07 00:00:00+00:00,1188323084225041810,60,2025-01-10,2025-04-07
2025-01-07 00:00:00+00:00,1188339469325210376,60,2025-01-12,2025-04-07
2025-01-07 00:00:00+00:00,1188476386889166335,65,2025-01-10,2025-04-07
2025-01-07 00:00:00+00:00,1189331897618015345,73,2025-01-11,2025-04-07
2025-01-07 00:00:00+00:00,1191261348067720296,54,2025-01-17,2025-04-07
2025-01-07 00:00:00+00:00,1191386301072209798,56,2025-01-19,2025-04-07
2025-01-07 00:00:00+00:00,1192836728602105901,58,2025-01-14,2025-04-07
2025-01-07 00:00:00+00:00,1193347652334673191,58,2025-02-02,2025-04-07
2025-01-07 00:00:00+00:00,1193414131980072087,52,2025-01-12,2025-04-07
2025-01-07 00:00:00+00:00,1193496259129259761,73,2025-01-22,2025-04-07
2025-01-07 00:00:00+00:00,1195858349379362032,50,2025-01-29,2025-04-07
2025-01-07 00:00:00+00:00,1197121947398131654,59,2025-01-20,2025-04-07
2025-01-07 00:00:00+00:00,1197195878719681680,63,2025-01-12,2025-04-07
2025-01-07 00:00:00+00:00,1198703061430420363,27,2025-02-26,2025-04-07
2025-01-07 00:00:00+00:00,1199996219082185363,56,2025-01-23,2025-04-07
2025-01-07 00:00:00+00:00,1203075817950465589,59,2025-01-30,2025-04-07
2025-01-07 00:00:00+00:00,1203140233522044896,75,2025-01-12,2025-04-06
2025-01-07 00:00:00+00:00,1207335703563012811,69,2025-01-13,2025-04-07
2025-01-07 00:00:00+00:00,1207338410880339003,72,2025-01-25,2025-04-07
2025-01-07 00:00:00+00:00,1207383031689344642,63,2025-01-12,2025-04-06
2025-01-07 00:00:00+00:00,1207864392976162235,85,2025-01-13,2025-04-07
2025-01-07 00:00:00+00:00,1207881809440158991,75,2025-01-23,2025-04-07
2025-01-07 00:00:00+00:00,1207940918769840398,64,2025-01-24,2025-04-07
2025-01-07 00:00:00+00:00,1207992119242235910,74,2025-01-12,2025-04-07
2025-01-07 00:00:00+00:00,1208704132667695539,77,2025-01-10,2025-04-07
2025-01-07 00:00:00+00:00,1208718899534488031,72,2025-01-21,2025-04-07
2025-01-07 00:00:00+00:00,1208735754877396448,70,2025-01-08,2025-04-07
2025-01-07 00:00:00+00:00,1208746927423730353,66,2025-01-12,2025-04-07
2025-01-07 00:00:00+00:00,1208757710030861160,71,2025-01-24,2025-04-07
2025-01-07 00:00:00+00:00,1208757855935244741,69,2025-01-13,2025-04-07
2025-01-07 00:00:00+00:00,1213824251801309412,59,2025-01-14,2025-04-07
2025-01-07 00:00:00+00:00,1214464056304542513,65,2025-01-21,2025-04-07
2025-01-07 00:00:00+00:00,1216602433904805187,71,2025-01-15,2025-04-07
2025-01-07 00:00:00+00:00,1218889785346856352,30,2025-01-14,2025-02-27
2025-01-07 00:00:00+00:00,1219597802580113056,64,2025-01-25,2025-04-07
2025-01-07 00:00:00+00:00,1219655958873769070,64,2025-01-21,2025-04-07
2025-01-07 00:00:00+00:00,1226846054624436877,72,2025-01-19,2025-04-07
2025-01-07 00:00:00+00:00,1226856286781952840,73,2025-01-11,2025-04-07
2025-01-07 00:00:00+00:00,1233370107101543516,47,2025-01-31,2025-04-07
2025-01-07 00:00:00+00:00,1233973103621276698,47,2025-01-20,2025-04-07
2025-01-07 00:00:00+00:00,1233994658216308874,47,2025-01-29,2025-04-07
2025-01-07 00:00:00+00:00,1234084273027568746,47,2025-01-17,2025-04-07
2025-01-07 00:00:00+00:00,1238321506456103932,60,2025-02-04,2025-04-07
2025-01-07 00:00:00+00:00,1242713378625026725,69,2025-01-15,2025-04-07
2025-01-07 00:00:00+00:00,1247028916537033972,75,2025-01-12,2025-04-07
2025-01-07 00:00:00+00:00,1248514191377483703,74,2025-01-12,2025-04-07
2025-01-07 00:00:00+00:00,1249371220066552412,56,2025-01-29,2025-04-07
2025-01-07 00:00:00+00:00,1249385754807434824,65,2025-01-24,2025-04-07
2025-01-07 00:00:00+00:00,1249919049392818339,71,2025-01-17,2025-04-07
2025-01-07 00:00:00+00:00,1250122800440869898,70,2025-01-13,2025-04-07
2025-01-07 00:00:00+00:00,1254384361135492137,73,2025-01-14,2025-04-07
2025-01-07 00:00:00+00:00,1254489827996538747,74,2025-01-12,2025-04-07
2025-01-07 00:00:00+00:00,1257312272803306995,69,2025-01-12,2025-04-07
2025-01-07 00:00:00+00:00,1259534245145609058,43,2025-02-01,2025-04-07
2025-01-07 00:00:00+00:00,1260073533686146608,62,2025-01-20,2025-04-07
2025-01-07 00:00:00+00:00,1262982199583014782,61,2025-01-20,2025-04-07
2025-01-07 00:00:00+00:00,1263128865886946817,80,2025-01-12,2025-04-07
2025-01-07 00:00:00+00:00,1265161823691467042,69,2025-01-12,2025-04-07
2025-01-07 00:00:00+00:00,1265295313956605287,65,2025-01-16,2025-04-07
2025-01-07 00:00:00+00:00,1265370363028714118,71,2025-01-12,2025-04-07
2025-01-07 00:00:00+00:00,1267332355220608617,69,2025-01-29,2025-04-07
2025-01-07 00:00:00+00:00,1268889705366032062,64,2025-01-07,2025-04-07
2025-01-07 00:00:00+00:00,1269623861253689862,45,2025-01-26,2025-04-07
2025-01-07 00:00:00+00:00,1269636598524749154,63,2025-01-27,2025-04-07
2025-01-07 00:00:00+00:00,1272537775161574422,43,2025-01-27,2025-04-07
2025-01-07 00:00:00+00:00,1274055523929375490,78,2025-01-08,2025-04-07
2025-01-07 00:00:00+00:00,1274533646308060247,73,2025-01-25,2025-04-07
2025-01-07 00:00:00+00:00,1274679812745645557,68,2025-01-14,2025-04-07
2025-01-07 00:00:00+00:00,1276789839775235217,43,2025-02-02,2025-04-07
2025-01-07 00:00:00+00:00,1280559161534348023,63,2025-01-13,2025-04-07
2025-01-07 00:00:00+00:00,1282577030741754149,59,2025-01-17,2025-04-07
2025-01-07 00:00:00+00:00,1282585098065467787,52,2025-01-12,2025-04-07
2025-01-07 00:00:00+00:00,1283982403734255309,54,2025-01-30,2025-04-07
2025-01-07 00:00:00+00:00,1284110666632259028,59,2025-01-14,2025-04-07
2025-01-07 00:00:00+00:00,1285538056394050628,83,2025-01-07,2025-04-07
2025-01-07 00:00:00+00:00,1286394668026043637,85,2025-01-13,2025-04-07
2025-01-07 00:00:00+00:00,1292815457899461748,44,2025-01-12,2025-04-07
2025-01-07 00:00:00+00:00,1297930390704189766,68,2025-01-10,2025-04-07
2025-01-07 00:00:00+00:00,1297930815921503919,63,2025-01-20,2025-04-07
2025-01-07 00:00:00+00:00,1303745304497797235,72,2025-01-17,2025-04-07
2025-01-07 00:00:00+00:00,1304403734260231676,87,2025-01-11,2025-04-07
2025-01-07 00:00:00+00:00,1304433283397417052,53,2025-01-14,2025-04-07
2025-01-07 00:00:00+00:00,1307990676918354925,74,2025-01-13,2025-04-07
2025-01-07 00:00:00+00:00,1312949509621922876,73,2025-01-16,2025-04-07
2025-01-07 00:00:00+00:00,1313064371372817918,85,2025-01-09,2025-04-07
2025-01-07 00:00:00+00:00,1315954985293478319,89,2025-01-09,2025-04-07
2025-01-07 00:00:00+00:00,1320994692912931266,84,2025-01-07,2025-04-07
2025-01-07 00:00:00+00:00,1320995339425720277,74,2025-01-12,2025-04-07
2025-01-07 00:00:00+00:00,1321022086036905023,73,2025-01-13,2025-04-07
2025-01-07 00:00:00+00:00,1321134786322096510,75,2025-01-23,2025-04-07
2025-01-20 00:00:00+00:00,1977915,52,2025-02-28,2025-04-20
2025-01-20 00:00:00+00:00,2951220,85,2025-01-26,2025-04-20
2025-01-20 00:00:00+00:00,3263701,26,2025-02-08,2025-04-10
2025-01-20 00:00:00+00:00,3977675,55,2025-01-25,2025-03-31
2025-01-20 00:00:00+00:00,6569062,90,2025-01-20,2025-04-19
2025-01-20 00:00:00+00:00,8287843,67,2025-01-26,2025-04-20
2025-01-20 00:00:00+00:00,8838629,66,2025-01-21,2025-04-17
2025-01-20 00:00:00+00:00,9327293,33,2025-01-27,2025-03-31
2025-01-20 00:00:00+00:00,9658725,10,2025-03-24,2025-04-02
2025-01-20 00:00:00+00:00,10340400,6,2025-03-06,2025-03-19
2025-01-20 00:00:00+00:00,10982940,75,2025-01-23,2025-04-20
2025-01-20 00:00:00+00:00,11567423,62,2025-01-25,2025-04-20
2025-01-20 00:00:00+00:00,12067632,14,2025-02-14,2025-03-14
2025-01-20 00:00:00+00:00,12359560,25,2025-03-09,2025-04-20
2025-01-20 00:00:00+00:00,12931525,45,2025-03-07,2025-04-20
2025-01-20 00:00:00+00:00,14884678,42,2025-03-10,2025-04-20
2025-01-20 00:00:00+00:00,15500038,59,2025-02-15,2025-04-20
2025-01-20 00:00:00+00:00,15523493,49,2025-01-28,2025-04-15
2025-01-20 00:00:00+00:00,15549803,41,2025-01-26,2025-04-19
2025-01-20 00:00:00+00:00,15732070,37,2025-02-01,2025-03-31
2025-01-20 00:00:00+00:00,15754075,37,2025-01-28,2025-03-31
2025-01-20 00:00:00+00:00,15909831,65,2025-02-09,2025-04-20
2025-01-20 00:00:00+00:00,15934309,61,2025-02-19,2025-04-20
2025-01-20 00:00:00+00:00,15980018,22,2025-03-30,2025-04-20
2025-01-20 00:00:00+00:00,16017693,36,2025-01-26,2025-03-31
2025-01-20 00:00:00+00:00,16105751,31,2025-01-29,2025-04-17
2025-01-20 00:00:00+00:00,16177778,90,2025-01-21,2025-04-20
2025-01-20 00:00:00+00:00,16253828,73,2025-01-29,2025-04-19
2025-01-20 00:00:00+00:00,16321793,72,2025-02-01,2025-04-20
2025-01-20 00:00:00+00:00,16350860,65,2025-02-03,2025-04-20
2025-01-20 00:00:00+00:00,16451544,31,2025-03-05,2025-04-20
2025-01-20 00:00:00+00:00,16527828,87,2025-01-24,2025-04-20
2025-01-20 00:00:00+00:00,16586622,51,2025-01-31,2025-04-20
2025-01-20 00:00:00+00:00,16618715,67,2025-02-08,2025-04-20
2025-01-20 00:00:00+00:00,16662563,62,2025-01-29,2025-03-31
2025-01-20 00:00:00+00:00,16730935,89,2025-01-21,2025-04-19
2025-01-20 00:00:00+00:00,16992951,62,2025-01-26,2025-04-20
2025-01-20 00:00:00+00:00,17294276,10,2025-01-30,2025-04-20
2025-01-20 00:00:00+00:00,17570590,60,2025-02-01,2025-04-20
2025-01-20 00:00:00+00:00,18395333,59,2025-02-09,2025-04-17
2025-01-20 00:00:00+00:00,18505349,30,2025-03-15,2025-04-13
2025-01-20 00:00:00+00:00,18506998,20,2025-03-04,2025-04-16
2025-01-20 00:00:00+00:00,20555680,19,2025-04-01,2025-04-19
2025-01-20 00:00:00+00:00,20618105,39,2025-01-27,2025-03-06
2025-01-20 00:00:00+00:00,20863370,18,2025-03-19,2025-04-13
2025-01-20 00:00:00+00:00,20943549,57,2025-02-10,2025-04-20
2025-01-20 00:00:00+00:00,21025393,36,2025-02-15,2025-04-20
2025-01-20 00:00:00+00:00,21091876,77,2025-01-22,2025-04-20
2025-01-20 00:00:00+00:00,21103486,41,2025-02-21,2025-04-20
2025-01-20 00:00:00+00:00,21280090,57,2025-02-14,2025-04-20
2025-01-20 00:00:00+00:00,21295667,53,2025-02-27,2025-04-20
2025-01-20 00:00:00+00:00,21324331,25,2025-02-05,2025-03-24
2025-01-20 00:00:00+00:00,21397811,68,2025-01-27,2025-04-16
2025-01-20 00:00:00+00:00,21454457,8,2025-02-19,2025-04-20
2025-01-20 00:00:00+00:00,21545686,63,2025-02-17,2025-04-20
2025-01-20 00:00:00+00:00,21552865,27,2025-01-25,2025-03-05
2025-01-20 00:00:00+00:00,21607605,47,2025-01-25,2025-04-17
2025-01-20 00:00:00+00:00,21632405,50,2025-01-29,2025-04-16
2025-01-20 00:00:00+00:00,21662762,31,2025-01-30,2025-04-17
2025-01-20 00:00:00+00:00,21695053,76,2025-01-28,2025-04-20
2025-01-20 00:00:00+00:00,21734892,59,2025-02-12,2025-04-20
2025-01-20 00:00:00+00:00,22047595,60,2025-02-08,2025-04-20
2025-01-20 00:00:00+00:00,22190101,46,2025-02-24,2025-04-20
2025-01-20 00:00:00+00:00,22191680,69,2025-01-28,2025-04-17
2025-01-20 00:00:00+00:00,22231120,80,2025-01-31,2025-04-20
2025-01-20 00:00:00+00:00,22243318,34,2025-02-15,2025-04-20
2025-01-20 00:00:00+00:00,22245880,69,2025-01-28,2025-04-20
2025-01-20 00:00:00+00:00,22306996,23,2025-03-29,2025-04-20
2025-01-20 00:00:00+00:00,22383070,40,2025-01-27,2025-04-20
2025-01-20 00:00:00+00:00,22421016,9,2025-02-15,2025-02-23
2025-01-20 00:00:00+00:00,22421421,46,2025-01-24,2025-04-20
2025-01-20 00:00:00+00:00,22421606,40,2025-01-20,2025-04-17
2025-01-20 00:00:00+00:00,22648075,65,2025-02-02,2025-04-16
2025-01-20 00:00:00+00:00,22739656,66,2025-01-24,2025-04-20
2025-01-20 00:00:00+00:00,22810332,65,2025-02-15,2025-04-20
2025-01-20 00:00:00+00:00,22901902,81,2025-01-30,2025-04-20
2025-01-20 00:00:00+00:00,23023313,68,2025-01-22,2025-04-19
2025-01-20 00:00:00+00:00,23078040,54,2025-02-09,2025-04-19
2025-01-20 00:00:00+00:00,23263225,11,2025-01-24,2025-02-03
2025-01-20 00:00:00+00:00,23343001,69,2025-01-22,2025-03-31
2025-01-20 00:00:00+00:00,23779860,32,2025-01-25,2025-04-17
2025-01-20 00:00:00+00:00,24171739,25,2025-03-01,2025-04-16
2025-01-20 00:00:00+00:00,25165914,85,2025-01-21,2025-04-20
2025-01-20 00:00:00+00:00,26026295,27,2025-01-21,2025-04-11
2025-01-20 00:00:00+00:00,26197944,58,2025-02-05,2025-04-20
2025-01-20 00:00:00+00:00,26334990,48,2025-01-31,2025-04-20
2025-01-20 00:00:00+00:00,26570136,63,2025-02-02,2025-04-20
2025-01-20 00:00:00+00:00,26708551,60,2025-02-02,2025-04-20
2025-01-20 00:00:00+00:00,26839303,46,2025-01-26,2025-04-17
2025-01-20 00:00:00+00:00,26895628,36,2025-02-17,2025-04-16
2025-01-20 00:00:00+00:00,27022969,47,2025-01-21,2025-03-08
2025-01-20 00:00:00+00:00,27201205,24,2025-02-26,2025-04-16
2025-01-20 00:00:00+00:00,27704027,79,2025-01-28,2025-04-20
2025-01-20 00:00:00+00:00,27718978,14,2025-03-29,2025-04-17
2025-01-20 00:00:00+00:00,27981528,46,2025-01-21,2025-04-20
2025-01-20 00:00:00+00:00,28071688,41,2025-02-28,2025-04-19
2025-01-20 00:00:00+00:00,28075525,21,2025-03-24,2025-04-19
2025-01-20 00:00:00+00:00,28160414,57,2025-02-19,2025-04-20
2025-01-20 00:00:00+00:00,28366360,66,2025-01-23,2025-04-20
2025-01-20 00:00:00+00:00,28410850,76,2025-01-26,2025-04-19
2025-01-20 00:00:00+00:00,28429135,63,2025-02-17,2025-04-20
2025-01-20 00:00:00+00:00,28987242,28,2025-03-01,2025-04-16
2025-01-20 00:00:00+00:00,29008738,45,2025-01-31,2025-04-17
2025-01-20 00:00:00+00:00,29114516,36,2025-02-17,2025-04-20
2025-01-20 00:00:00+00:00,29341170,46,2025-01-29,2025-03-31
2025-01-20 00:00:00+00:00,29739100,69,2025-01-31,2025-04-20
2025-01-20 00:00:00+00:00,29761442,6,2025-02-16,2025-03-14
2025-01-20 00:00:00+00:00,29800671,75,2025-01-21,2025-04-20
2025-01-20 00:00:00+00:00,29870406,65,2025-01-26,2025-04-16
2025-01-20 00:00:00+00:00,30032994,31,2025-02-03,2025-03-31
2025-01-20 00:00:00+00:00,30085847,65,2025-01-29,2025-04-20
2025-01-20 00:00:00+00:00,30105402,87,2025-01-21,2025-04-20
2025-01-20 00:00:00+00:00,30153564,44,2025-02-13,2025-04-20
2025-01-20 00:00:00+00:00,30332330,46,2025-02-10,2025-04-16
2025-01-20 00:00:00+00:00,30402651,48,2025-01-22,2025-03-31
2025-01-20 00:00:00+00:00,30491733,48,2025-02-18,2025-04-20
2025-01-20 00:00:00+00:00,30493854,32,2025-02-28,2025-03-31
2025-01-20 00:00:00+00:00,30494198,59,2025-01-26,2025-04-19
2025-01-20 00:00:00+00:00,30560948,67,2025-02-01,2025-04-20
2025-01-20 00:00:00+00:00,30617740,71,2025-02-09,2025-04-20
2025-01-20 00:00:00+00:00,30785010,50,2025-02-17,2025-04-20
2025-01-20 00:00:00+00:00,30910938,54,2025-02-15,2025-04-20
2025-01-20 00:00:00+00:00,31055581,69,2025-01-23,2025-04-20
2025-01-20 00:00:00+00:00,31059537,58,2025-01-23,2025-04-16
2025-01-20 00:00:00+00:00,31069380,19,2025-02-10,2025-03-09
2025-01-20 00:00:00+00:00,31169655,65,2025-01-30,2025-04-20
2025-01-20 00:00:00+00:00,31278015,56,2025-02-24,2025-04-20
2025-01-20 00:00:00+00:00,31284638,40,2025-01-31,2025-04-19
2025-01-20 00:00:00+00:00,31380471,57,2025-02-06,2025-04-20
2025-01-20 00:00:00+00:00,31441134,90,2025-01-20,2025-04-19
2025-01-20 00:00:00+00:00,31454750,59,2025-01-20,2025-04-05
2025-01-20 00:00:00+00:00,31511990,86,2025-01-25,2025-04-20
2025-01-20 00:00:00+00:00,31530689,74,2025-01-26,2025-04-20
2025-01-20 00:00:00+00:00,31543199,44,2025-02-27,2025-04-20
2025-01-20 00:00:00+00:00,31560419,41,2025-03-10,2025-04-19
2025-01-20 00:00:00+00:00,31682871,38,2025-02-11,2025-03-31
2025-01-20 00:00:00+00:00,31859744,69,2025-02-11,2025-04-20
2025-01-20 00:00:00+00:00,31945494,53,2025-02-16,2025-04-17
2025-01-20 00:00:00+00:00,32185033,37,2025-01-29,2025-04-14
2025-01-20 00:00:00+00:00,32371924,31,2025-03-20,2025-04-19
2025-01-20 00:00:00+00:00,32443120,13,2025-02-25,2025-03-09
2025-01-20 00:00:00+00:00,32486859,48,2025-02-15,2025-04-16
2025-01-20 00:00:00+00:00,32585103,38,2025-02-16,2025-04-15
2025-01-20 00:00:00+00:00,32592683,56,2025-01-22,2025-04-20
2025-01-20 00:00:00+00:00,32600458,38,2025-03-04,2025-04-16
2025-01-20 00:00:00+00:00,32606991,61,2025-01-24,2025-04-20
2025-01-20 00:00:00+00:00,32766950,48,2025-01-21,2025-04-20
2025-01-20 00:00:00+00:00,32990586,67,2025-01-26,2025-04-20
2025-01-20 00:00:00+00:00,33336758,30,2025-02-12,2025-03-31
2025-01-20 00:00:00+00:00,34218930,58,2025-01-27,2025-04-19
2025-01-20 00:00:00+00:00,34540951,62,2025-02-13,2025-04-20
2025-01-20 00:00:00+00:00,34866449,59,2025-02-17,2025-04-20
2025-01-20 00:00:00+00:00,35481220,60,2025-01-21,2025-03-31
2025-01-20 00:00:00+00:00,35826155,20,2025-04-01,2025-04-20
2025-01-20 00:00:00+00:00,35912580,38,2025-03-05,2025-04-20
2025-01-20 00:00:00+00:00,35934720,10,2025-02-28,2025-03-09
2025-01-20 00:00:00+00:00,36032020,17,2025-03-09,2025-04-15
2025-01-20 00:00:00+00:00,36632832,70,2025-02-02,2025-04-20
2025-01-20 00:00:00+00:00,36908385,19,2025-02-15,2025-03-31
2025-01-20 00:00:00+00:00,37118794,62,2025-02-08,2025-04-20
2025-01-20 00:00:00+00:00,37153670,53,2025-01-25,2025-04-19
2025-01-20 00:00:00+00:00,37347085,88,2025-01-21,2025-04-20
2025-01-20 00:00:00+00:00,37487828,43,2025-01-24,2025-04-20
2025-01-20 00:00:00+00:00,37494985,79,2025-02-01,2025-04-20
2025-01-20 00:00:00+00:00,37708447,39,2025-02-16,2025-04-20
2025-01-20 00:00:00+00:00,37989675,63,2025-01-30,2025-04-20
2025-01-20 00:00:00+00:00,38262480,24,2025-02-03,2025-02-26
2025-01-20 00:00:00+00:00,38319706,79,2025-01-27,2025-04-20
2025-01-20 00:00:00+00:00,38447436,91,2025-01-20,2025-04-20
2025-01-20 00:00:00+00:00,38514587,90,2025-01-21,2025-04-20
2025-01-20 00:00:00+00:00,38638326,65,2025-01-30,2025-04-20
2025-01-20 00:00:00+00:00,38693604,54,2025-01-21,2025-04-20
2025-01-20 00:00:00+00:00,38695314,53,2025-02-06,2025-04-20
2025-01-20 00:00:00+00:00,38730549,64,2025-01-30,2025-04-20
2025-01-20 00:00:00+00:00,38800430,13,2025-02-08,2025-03-18
2025-01-20 00:00:00+00:00,38852725,62,2025-01-26,2025-04-20
2025-01-20 00:00:00+00:00,38899673,78,2025-01-23,2025-04-19
2025-01-20 00:00:00+00:00,38957661,43,2025-01-22,2025-04-20
2025-01-20 00:00:00+00:00,38980085,77,2025-02-03,2025-04-20
2025-01-20 00:00:00+00:00,38998610,68,2025-01-22,2025-04-20
2025-01-20 00:00:00+00:00,39007372,88,2025-01-23,2025-04-20
2025-01-20 00:00:00+00:00,39051477,91,2025-01-20,2025-04-20
2025-01-20 00:00:00+00:00,39109062,74,2025-01-29,2025-04-20
2025-01-20 00:00:00+00:00,39145712,19,2025-02-21,2025-03-24
2025-01-20 00:00:00+00:00,39316910,15,2025-03-05,2025-04-20
2025-01-20 00:00:00+00:00,39363955,57,2025-02-03,2025-04-20
2025-01-20 00:00:00+00:00,39394644,73,2025-02-07,2025-04-20
2025-01-20 00:00:00+00:00,39414948,61,2025-02-03,2025-04-17
2025-01-20 00:00:00+00:00,39420557,33,2025-01-27,2025-03-09
2025-01-20 00:00:00+00:00,39507664,39,2025-02-15,2025-04-16
2025-01-20 00:00:00+00:00,39583346,50,2025-01-27,2025-04-19
2025-01-20 00:00:00+00:00,39629644,17,2025-02-25,2025-04-01
2025-01-20 00:00:00+00:00,39635217,16,2025-01-22,2025-04-20
2025-01-20 00:00:00+00:00,39685785,68,2025-02-12,2025-04-20
2025-01-20 00:00:00+00:00,39715668,56,2025-01-31,2025-04-19
2025-01-20 00:00:00+00:00,39745810,89,2025-01-22,2025-04-20
2025-01-20 00:00:00+00:00,39972515,59,2025-02-08,2025-04-20
2025-01-20 00:00:00+00:00,40023421,77,2025-02-03,2025-04-20
2025-01-20 00:00:00+00:00,40039627,67,2025-01-27,2025-04-20
2025-01-20 00:00:00+00:00,40209404,69,2025-01-22,2025-04-20
2025-01-20 00:00:00+00:00,40246675,44,2025-02-25,2025-04-20
2025-01-20 00:00:00+00:00,40250642,67,2025-01-24,2025-03-31
2025-01-20 00:00:00+00:00,40289385,62,2025-02-01,2025-04-20
2025-01-20 00:00:00+00:00,40320100,75,2025-02-03,2025-04-19
2025-01-20 00:00:00+00:00,40342798,81,2025-01-30,2025-04-20
2025-01-20 00:00:00+00:00,40351988,52,2025-02-15,2025-04-14
2025-01-20 00:00:00+00:00,40371384,82,2025-01-21,2025-04-20
2025-01-20 00:00:00+00:00,40391575,7,2025-04-14,2025-04-20
2025-01-20 00:00:00+00:00,40449599,62,2025-02-10,2025-04-20
2025-01-20 00:00:00+00:00,40532740,40,2025-02-23,2025-04-16
2025-01-20 00:00:00+00:00,40560834,73,2025-01-22,2025-04-20
2025-01-20 00:00:00+00:00,40576710,59,2025-01-22,2025-04-17
2025-01-20 00:00:00+00:00,40777141,4,2025-02-24,2025-02-27
2025-01-20 00:00:00+00:00,40892344,55,2025-02-11,2025-04-20
2025-01-20 00:00:00+00:00,40910065,88,2025-01-22,2025-04-19
2025-01-20 00:00:00+00:00,40971559,30,2025-01-29,2025-03-12
2025-01-20 00:00:00+00:00,41141790,39,2025-01-31,2025-03-10
2025-01-20 00:00:00+00:00,41147466,45,2025-03-07,2025-04-20
2025-01-20 00:00:00+00:00,41193865,50,2025-01-21,2025-04-20
2025-01-20 00:00:00+00:00,41227471,72,2025-02-05,2025-04-20
2025-01-20 00:00:00+00:00,41260111,77,2025-01-27,2025-04-20
2025-01-20 00:00:00+00:00,41270247,20,2025-04-01,2025-04-20
2025-01-20 00:00:00+00:00,41285546,79,2025-01-23,2025-04-19
2025-01-20 00:00:00+00:00,41404141,68,2025-02-12,2025-04-20
2025-01-20 00:00:00+00:00,41473656,23,2025-03-10,2025-04-12
2025-01-20 00:00:00+00:00,41478160,29,2025-01-27,2025-03-05
2025-01-20 00:00:00+00:00,41493620,87,2025-01-24,2025-04-20
2025-01-20 00:00:00+00:00,41532894,61,2025-01-22,2025-04-11
2025-01-20 00:00:00+00:00,41590719,65,2025-01-28,2025-04-20
2025-01-20 00:00:00+00:00,41676390,90,2025-01-21,2025-04-20
2025-01-20 00:00:00+00:00,41682475,43,2025-01-27,2025-04-20
2025-01-20 00:00:00+00:00,41686810,59,2025-02-13,2025-04-20
2025-01-20 00:00:00+00:00,41702158,34,2025-02-26,2025-04-17
2025-01-20 00:00:00+00:00,41761142,34,2025-02-20,2025-04-17
2025-01-20 00:00:00+00:00,41762297,77,2025-01-27,2025-04-19
2025-01-20 00:00:00+00:00,41769298,48,2025-01-28,2025-03-31
2025-01-20 00:00:00+00:00,41786765,13,2025-03-29,2025-04-10
2025-01-20 00:00:00+00:00,41883230,53,2025-02-04,2025-04-20
2025-01-20 00:00:00+00:00,41888100,78,2025-01-29,2025-04-16
2025-01-20 00:00:00+00:00,42003334,61,2025-02-15,2025-04-16
2025-01-20 00:00:00+00:00,42270655,74,2025-02-02,2025-04-16
2025-01-20 00:00:00+00:00,42335961,56,2025-01-28,2025-04-17
2025-01-20 00:00:00+00:00,42362925,69,2025-01-29,2025-04-17
2025-01-20 00:00:00+00:00,42588365,43,2025-03-07,2025-04-18
2025-01-20 00:00:00+00:00,42625075,58,2025-01-23,2025-04-20
2025-01-20 00:00:00+00:00,42704327,76,2025-01-23,2025-04-20
2025-01-20 00:00:00+00:00,42709234,83,2025-01-28,2025-04-20
2025-01-20 00:00:00+00:00,42735835,11,2025-01-28,2025-04-06
2025-01-20 00:00:00+00:00,42841323,17,2025-03-01,2025-04-08
2025-01-20 00:00:00+00:00,43379132,26,2025-01-29,2025-04-16
2025-01-20 00:00:00+00:00,43499385,69,2025-01-28,2025-04-20
2025-01-20 00:00:00+00:00,43712530,21,2025-02-08,2025-02-28
2025-01-20 00:00:00+00:00,43754654,81,2025-01-23,2025-04-19
2025-01-20 00:00:00+00:00,44153810,48,2025-03-04,2025-04-20
2025-01-20 00:00:00+00:00,44369632,9,2025-01-30,2025-02-17
2025-01-20 00:00:00+00:00,44425260,66,2025-01-31,2025-04-20
2025-01-20 00:00:00+00:00,44890294,2,2025-02-10,2025-02-11
2025-01-20 00:00:00+00:00,44895797,13,2025-01-27,2025-02-18
2025-01-20 00:00:00+00:00,45002455,26,2025-02-27,2025-04-17
2025-01-20 00:00:00+00:00,45350304,79,2025-02-01,2025-04-20
2025-01-20 00:00:00+00:00,45480718,5,2025-03-30,2025-04-20
2025-01-20 00:00:00+00:00,45513430,89,2025-01-22,2025-04-20
2025-01-20 00:00:00+00:00,45531969,26,2025-02-16,2025-04-20
2025-01-20 00:00:00+00:00,45621607,71,2025-02-01,2025-04-20
2025-01-20 00:00:00+00:00,45687710,79,2025-02-01,2025-04-20
2025-01-20 00:00:00+00:00,45711835,3,2025-02-05,2025-02-07
2025-01-20 00:00:00+00:00,45726200,43,2025-02-17,2025-04-20
2025-01-20 00:00:00+00:00,45768161,71,2025-01-21,2025-04-20
2025-01-20 00:00:00+00:00,45780750,12,2025-04-08,2025-04-19
2025-01-20 00:00:00+00:00,45803876,54,2025-01-30,2025-04-20
2025-01-20 00:00:00+00:00,45822839,59,2025-02-11,2025-04-20
2025-01-20 00:00:00+00:00,45889892,58,2025-02-08,2025-04-20
2025-01-20 00:00:00+00:00,45911573,21,2025-02-18,2025-03-10
2025-01-20 00:00:00+00:00,45911990,3,2025-01-27,2025-01-29
2025-01-20 00:00:00+00:00,45923984,28,2025-02-16,2025-04-17
2025-01-20 00:00:00+00:00,45973790,87,2025-01-24,2025-04-20
2025-01-20 00:00:00+00:00,46036384,55,2025-01-23,2025-04-20
2025-01-20 00:00:00+00:00,46048925,71,2025-02-09,2025-04-20
2025-01-20 00:00:00+00:00,46072703,39,2025-02-26,2025-04-16
2025-01-20 00:00:00+00:00,46088002,43,2025-02-12,2025-03-31
2025-01-20 00:00:00+00:00,46116173,28,2025-02-25,2025-04-20
2025-01-20 00:00:00+00:00,46220279,62,2025-01-27,2025-04-16
2025-01-20 00:00:00+00:00,46222390,73,2025-01-30,2025-04-19
2025-01-20 00:00:00+00:00,46298558,50,2025-01-30,2025-04-20
2025-01-20 00:00:00+00:00,46327705,40,2025-02-16,2025-03-27
2025-01-20 00:00:00+00:00,46451253,71,2025-01-24,2025-04-20
2025-01-20 00:00:00+00:00,46530405,83,2025-01-24,2025-04-20
2025-01-20 00:00:00+00:00,46550767,47,2025-01-28,2025-03-31
2025-01-20 00:00:00+00:00,46598066,74,2025-02-04,2025-04-20
2025-01-20 00:00:00+00:00,46604700,87,2025-01-22,2025-04-20
2025-01-20 00:00:00+00:00,46678933,77,2025-02-03,2025-04-20
2025-01-20 00:00:00+00:00,46704215,11,2025-02-03,2025-02-13
2025-01-20 00:00:00+00:00,46710652,67,2025-02-03,2025-04-20
2025-01-20 00:00:00+00:00,46724379,65,2025-02-03,2025-04-19
2025-01-20 00:00:00+00:00,46755580,58,2025-02-02,2025-03-31
2025-01-20 00:00:00+00:00,46769078,79,2025-01-21,2025-04-19
2025-01-20 00:00:00+00:00,46866680,59,2025-01-28,2025-04-20
2025-01-20 00:00:00+00:00,46878566,75,2025-01-29,2025-04-19
2025-01-20 00:00:00+00:00,46896012,56,2025-02-15,2025-04-20
2025-01-20 00:00:00+00:00,46936020,54,2025-01-25,2025-03-31
2025-01-20 00:00:00+00:00,46990438,54,2025-01-31,2025-03-30
2025-01-20 00:00:00+00:00,47000276,42,2025-02-16,2025-04-20
2025-01-20 00:00:00+00:00,47006355,38,2025-01-25,2025-03-31
2025-01-20 00:00:00+00:00,47052262,68,2025-01-24,2025-04-20
2025-01-20 00:00:00+00:00,47172145,60,2025-02-14,2025-04-19
2025-01-20 00:00:00+00:00,47213093,22,2025-02-17,2025-03-31
2025-01-20 00:00:00+00:00,47232230,15,2025-02-12,2025-02-26
2025-01-20 00:00:00+00:00,47254288,67,2025-02-08,2025-04-20
2025-01-20 00:00:00+00:00,47260862,44,2025-01-29,2025-04-20
2025-01-20 00:00:00+00:00,47269826,12,2025-02-17,2025-02-28
2025-01-20 00:00:00+00:00,47325492,79,2025-01-28,2025-04-20
2025-01-20 00:00:00+00:00,47326216,77,2025-01-28,2025-04-20
2025-01-20 00:00:00+00:00,47402735,66,2025-01-25,2025-04-20
2025-01-20 00:00:00+00:00,47543180,38,2025-02-20,2025-04-20
2025-01-20 00:00:00+00:00,47558531,86,2025-01-21,2025-04-20
2025-01-20 00:00:00+00:00,47783121,45,2025-02-23,2025-04-20
2025-01-20 00:00:00+00:00,47802450,29,2025-02-25,2025-04-09
2025-01-20 00:00:00+00:00,47891397,76,2025-02-04,2025-04-20
2025-01-20 00:00:00+00:00,47909482,64,2025-02-07,2025-04-17
2025-01-20 00:00:00+00:00,48080102,36,2025-02-23,2025-04-16
2025-01-20 00:00:00+00:00,48109229,73,2025-02-07,2025-04-20
2025-01-20 00:00:00+00:00,48158176,29,2025-02-05,2025-04-20
2025-01-20 00:00:00+00:00,48243472,48,2025-02-02,2025-03-31
2025-01-20 00:00:00+00:00,48254075,11,2025-02-07,2025-02-28
2025-01-20 00:00:00+00:00,48624860,14,2025-02-21,2025-04-17
2025-01-20 00:00:00+00:00,48699117,39,2025-03-08,2025-04-15
2025-01-20 00:00:00+00:00,48848529,78,2025-01-24,2025-04-17
2025-01-20 00:00:00+00:00,48941838,41,2025-02-08,2025-04-15
2025-01-20 00:00:00+00:00,49050392,46,2025-02-09,2025-03-31
2025-01-20 00:00:00+00:00,49123621,75,2025-01-20,2025-04-19
2025-01-20 00:00:00+00:00,49369605,10,2025-03-04,2025-04-07
2025-01-20 00:00:00+00:00,49824103,39,2025-02-24,2025-04-20
2025-01-20 00:00:00+00:00,49968308,7,2025-01-26,2025-03-26
2025-01-20 00:00:00+00:00,50047341,29,2025-03-23,2025-04-20
2025-01-20 00:00:00+00:00,50059423,27,2025-03-07,2025-04-16
2025-01-20 00:00:00+00:00,50561328,10,2025-02-09,2025-03-07
2025-01-20 00:00:00+00:00,50958684,66,2025-01-26,2025-04-20
2025-01-20 00:00:00+00:00,51405106,74,2025-02-01,2025-04-20
2025-01-20 00:00:00+00:00,51453135,55,2025-01-27,2025-04-20
2025-01-20 00:00:00+00:00,51669111,87,2025-01-23,2025-04-19
2025-01-20 00:00:00+00:00,51683537,28,2025-02-23,2025-04-12
2025-01-20 00:00:00+00:00,51785337,56,2025-02-12,2025-04-20
2025-01-20 00:00:00+00:00,51825638,74,2025-01-27,2025-04-20
2025-01-20 00:00:00+00:00,51861410,18,2025-01-30,2025-02-27
2025-01-20 00:00:00+00:00,51866473,45,2025-02-18,2025-04-20
2025-01-20 00:00:00+00:00,52059007,83,2025-01-28,2025-04-20
2025-01-20 00:00:00+00:00,52172003,42,2025-03-10,2025-04-20
2025-01-20 00:00:00+00:00,52214716,76,2025-01-21,2025-04-20
2025-01-20 00:00:00+00:00,52266549,55,2025-01-26,2025-04-20
2025-01-20 00:00:00+00:00,52346232,57,2025-01-26,2025-04-16
2025-01-20 00:00:00+00:00,52348108,43,2025-03-09,2025-04-20
2025-01-20 00:00:00+00:00,52354467,51,2025-02-18,2025-04-20
2025-01-20 00:00:00+00:00,52365560,75,2025-02-05,2025-04-20
2025-01-20 00:00:00+00:00,52474050,22,2025-01-29,2025-04-19
2025-01-20 00:00:00+00:00,52530322,74,2025-01-28,2025-04-20
2025-01-20 00:00:00+00:00,52536443,26,2025-03-03,2025-04-20
2025-01-20 00:00:00+00:00,52596621,84,2025-01-24,2025-04-20
2025-01-20 00:00:00+00:00,52619006,38,2025-01-27,2025-04-19
2025-01-20 00:00:00+00:00,52627650,12,2025-01-21,2025-02-01
2025-01-20 00:00:00+00:00,52646204,66,2025-02-01,2025-04-20
2025-01-20 00:00:00+00:00,52650644,64,2025-02-16,2025-04-20
2025-01-20 00:00:00+00:00,52670832,13,2025-04-04,2025-04-16
2025-01-20 00:00:00+00:00,52758042,89,2025-01-22,2025-04-20
2025-01-20 00:00:00+00:00,52826190,38,2025-02-27,2025-04-20
2025-01-20 00:00:00+00:00,52969803,61,2025-01-29,2025-04-20
2025-01-20 00:00:00+00:00,53008127,51,2025-02-16,2025-04-20
2025-01-20 00:00:00+00:00,53077335,11,2025-04-09,2025-04-19
2025-01-20 00:00:00+00:00,53113087,48,2025-01-30,2025-04-20
2025-01-20 00:00:00+00:00,53133732,72,2025-02-08,2025-04-20
2025-01-20 00:00:00+00:00,53154219,79,2025-02-01,2025-04-20
2025-01-20 00:00:00+00:00,53175731,90,2025-01-21,2025-04-20
2025-01-20 00:00:00+00:00,53190433,39,2025-01-31,2025-04-19
2025-01-20 00:00:00+00:00,53195241,82,2025-01-23,2025-04-20
2025-01-20 00:00:00+00:00,53240300,75,2025-01-26,2025-04-20
2025-01-20 00:00:00+00:00,53280496,27,2025-03-09,2025-04-20
2025-01-20 00:00:00+00:00,53314692,53,2025-02-17,2025-04-20
2025-01-20 00:00:00+00:00,53325047,41,2025-02-07,2025-04-20
2025-01-20 00:00:00+00:00,53337464,89,2025-01-22,2025-04-20
2025-01-20 00:00:00+00:00,53340772,59,2025-02-11,2025-04-20
2025-01-20 00:00:00+00:00,53445765,52,2025-02-10,2025-04-20
2025-01-20 00:00:00+00:00,53448627,26,2025-01-22,2025-03-09
2025-01-20 00:00:00+00:00,53458717,43,2025-03-04,2025-04-15
2025-01-20 00:00:00+00:00,53474066,38,2025-01-22,2025-04-20
2025-01-20 00:00:00+00:00,53581602,70,2025-02-09,2025-04-19
2025-01-20 00:00:00+00:00,53643568,17,2025-01-21,2025-03-06
2025-01-20 00:00:00+00:00,53645678,61,2025-02-19,2025-04-20
2025-01-20 00:00:00+00:00,53669499,59,2025-01-20,2025-03-19
2025-01-20 00:00:00+00:00,53717416,60,2025-02-20,2025-04-20
2025-01-20 00:00:00+00:00,53733977,22,2025-02-01,2025-03-30
2025-01-20 00:00:00+00:00,53738511,64,2025-01-27,2025-03-31
2025-01-20 00:00:00+00:00,53794321,42,2025-01-23,2025-03-05
2025-01-20 00:00:00+00:00,53803935,26,2025-01-22,2025-03-09
2025-01-20 00:00:00+00:00,53825192,23,2025-02-24,2025-04-20
2025-01-20 00:00:00+00:00,53893648,52,2025-02-28,2025-04-20
2025-01-20 00:00:00+00:00,53903158,66,2025-02-13,2025-04-19
2025-01-20 00:00:00+00:00,53914255,47,2025-02-11,2025-04-20
2025-01-20 00:00:00+00:00,53915734,45,2025-02-10,2025-03-31
2025-01-20 00:00:00+00:00,53936201,43,2025-02-15,2025-04-20
2025-01-20 00:00:00+00:00,53972959,48,2025-03-04,2025-04-20
2025-01-20 00:00:00+00:00,53973724,55,2025-02-16,2025-04-20
2025-01-20 00:00:00+00:00,53986731,15,2025-03-06,2025-03-30
2025-01-20 00:00:00+00:00,54167570,78,2025-01-26,2025-04-20
2025-01-20 00:00:00+00:00,54237040,66,2025-01-29,2025-04-17
2025-01-20 00:00:00+00:00,54245203,23,2025-02-02,2025-03-09
2025-01-20 00:00:00+00:00,54246694,89,2025-01-22,2025-04-20
2025-01-20 00:00:00+00:00,54287612,50,2025-03-02,2025-04-20
2025-01-20 00:00:00+00:00,54365625,81,2025-01-26,2025-04-20
2025-01-20 00:00:00+00:00,525472560929976068,79,2025-01-20,2025-04-20
2025-01-20 00:00:00+00:00,543584528464360785,60,2025-02-20,2025-04-20
2025-01-20 00:00:00+00:00,549056203343531816,25,2025-02-01,2025-04-20
2025-01-20 00:00:00+00:00,573122310094338767,44,2025-03-05,2025-04-17
2025-01-20 00:00:00+00:00,577333685681759877,37,2025-01-25,2025-04-20
2025-01-20 00:00:00+00:00,577547502503396579,58,2025-01-26,2025-04-17
2025-01-20 00:00:00+00:00,580407424598756855,14,2025-02-28,2025-03-29
2025-01-20 00:00:00+00:00,599368528094352718,22,2025-02-22,2025-04-16
2025-01-20 00:00:00+00:00,605748852048435444,59,2025-01-27,2025-04-20
2025-01-20 00:00:00+00:00,610155932497817911,65,2025-01-26,2025-03-31
2025-01-20 00:00:00+00:00,612245203931813020,61,2025-01-25,2025-04-17
2025-01-20 00:00:00+00:00,613221032690703355,24,2025-02-11,2025-04-17
2025-01-20 00:00:00+00:00,618943952389206201,71,2025-01-28,2025-04-20
2025-01-20 00:00:00+00:00,622878708674009200,74,2025-01-25,2025-04-20
2025-01-20 00:00:00+00:00,627388721154300829,26,2025-02-01,2025-04-10
2025-01-20 00:00:00+00:00,628340205412932131,10,2025-02-07,2025-03-03
2025-01-20 00:00:00+00:00,629724091250673746,52,2025-01-31,2025-04-20
2025-01-20 00:00:00+00:00,633809099013662442,42,2025-02-05,2025-04-17
2025-01-20 00:00:00+00:00,639216644351145145,16,2025-03-16,2025-04-15
2025-01-20 00:00:00+00:00,667324814851452653,63,2025-02-03,2025-04-20
2025-01-20 00:00:00+00:00,668715506986619718,23,2025-02-12,2025-03-31
2025-01-20 00:00:00+00:00,670778657683556451,26,2025-02-18,2025-03-31
2025-01-20 00:00:00+00:00,673825002694927178,31,2025-02-17,2025-03-31
2025-01-20 00:00:00+00:00,673826204715344716,25,2025-02-08,2025-03-31
2025-01-20 00:00:00+00:00,673826267743797671,27,2025-03-05,2025-03-31
2025-01-20 00:00:00+00:00,674566887638611404,40,2025-02-05,2025-04-17
2025-01-20 00:00:00+00:00,675242237586865339,71,2025-02-09,2025-04-20
2025-01-20 00:00:00+00:00,676838365540390245,20,2025-04-01,2025-04-20
2025-01-20 00:00:00+00:00,678242953903453952,47,2025-02-05,2025-04-16
2025-01-20 00:00:00+00:00,679166677359467385,79,2025-01-20,2025-04-20
2025-01-20 00:00:00+00:00,681894806923375678,29,2025-02-25,2025-03-31
2025-01-20 00:00:00+00:00,684782448665574114,53,2025-02-12,2025-04-20
2025-01-20 00:00:00+00:00,686743101124580615,27,2025-02-14,2025-03-31
2025-01-20 00:00:00+00:00,687757820659405525,86,2025-01-25,2025-04-20
2025-01-20 00:00:00+00:00,693024169316156606,40,2025-01-23,2025-03-31
2025-01-20 00:00:00+00:00,694313018923554703,25,2025-01-31,2025-03-31
2025-01-20 00:00:00+00:00,694947516825280143,21,2025-02-25,2025-04-16
2025-01-20 00:00:00+00:00,703527486074504582,67,2025-01-27,2025-04-20
2025-01-20 00:00:00+00:00,703538637731385185,66,2025-02-10,2025-04-20
2025-01-20 00:00:00+00:00,703678241822238330,60,2025-02-15,2025-04-20
2025-01-20 00:00:00+00:00,705946468067026302,60,2025-01-28,2025-04-17
2025-01-20 00:00:00+00:00,708045427082372124,91,2025-01-20,2025-04-20
2025-01-20 00:00:00+00:00,719355891470345652,78,2025-01-28,2025-04-20
2025-01-20 00:00:00+00:00,721635424816164605,52,2025-02-19,2025-04-20
2025-01-20 00:00:00+00:00,725867973010290782,64,2025-02-13,2025-04-20
2025-01-20 00:00:00+00:00,728531681504670920,37,2025-01-26,2025-04-20
2025-01-20 00:00:00+00:00,730437501239201082,84,2025-01-27,2025-04-20
2025-01-20 00:00:00+00:00,730503580289648392,10,2025-01-28,2025-03-04
2025-01-20 00:00:00+00:00,730553947980169722,48,2025-03-04,2025-04-20
2025-01-20 00:00:00+00:00,731853350375474350,34,2025-01-25,2025-04-20
2025-01-20 00:00:00+00:00,732572931172602640,63,2025-02-07,2025-04-20
2025-01-20 00:00:00+00:00,734774611454860165,52,2025-02-10,2025-04-20
2025-01-20 00:00:00+00:00,735732850757918650,35,2025-02-26,2025-04-16
2025-01-20 00:00:00+00:00,739015384619300207,58,2025-02-02,2025-03-31
2025-01-20 00:00:00+00:00,744210382596366805,45,2025-01-31,2025-04-20
2025-01-20 00:00:00+00:00,746451645715267085,89,2025-01-22,2025-04-20
2025-01-20 00:00:00+00:00,748336742434217963,44,2025-01-21,2025-04-20
2025-01-20 00:00:00+00:00,753461577197808016,59,2025-02-01,2025-03-31
2025-01-20 00:00:00+00:00,753566944813003124,77,2025-02-03,2025-04-20
2025-01-20 00:00:00+00:00,754141022905987471,80,2025-01-31,2025-04-20
2025-01-20 00:00:00+00:00,754375397775403281,84,2025-01-27,2025-04-20
2025-01-20 00:00:00+00:00,754796838418506202,68,2025-01-24,2025-04-20
2025-01-20 00:00:00+00:00,756997201912524343,81,2025-01-27,2025-04-20
2025-01-20 00:00:00+00:00,758758164947604865,82,2025-01-20,2025-04-20
2025-01-20 00:00:00+00:00,762112217871324562,35,2025-02-23,2025-04-17
2025-01-20 00:00:00+00:00,762916089194134311,90,2025-01-21,2025-04-20
2025-01-20 00:00:00+00:00,766052072199682693,57,2025-02-12,2025-04-20
2025-01-20 00:00:00+00:00,766788707373767791,35,2025-03-16,2025-04-19
2025-01-20 00:00:00+00:00,767407262472265686,68,2025-02-09,2025-04-17
2025-01-20 00:00:00+00:00,769009482417170004,55,2025-01-23,2025-04-20
2025-01-20 00:00:00+00:00,770131545986036241,72,2025-02-04,2025-04-20
2025-01-20 00:00:00+00:00,771111761043546355,75,2025-02-04,2025-04-19
2025-01-20 00:00:00+00:00,772261416620745030,74,2025-01-26,2025-04-20
2025-01-20 00:00:00+00:00,772706520794806760,9,2025-01-23,2025-01-31
2025-01-20 00:00:00+00:00,778933432062496662,70,2025-01-21,2025-04-20
2025-01-20 00:00:00+00:00,781223884036842600,62,2025-02-11,2025-04-17
2025-01-20 00:00:00+00:00,782548209247570691,51,2025-02-11,2025-04-20
2025-01-20 00:00:00+00:00,782734966853311782,79,2025-01-21,2025-04-20
2025-01-20 00:00:00+00:00,783879004243392314,71,2025-01-23,2025-04-20
2025-01-20 00:00:00+00:00,785658004981722606,62,2025-02-03,2025-04-20
2025-01-20 00:00:00+00:00,786307999394390316,53,2025-01-23,2025-04-20
2025-01-20 00:00:00+00:00,786807324710664147,43,2025-02-12,2025-04-17
2025-01-20 00:00:00+00:00,787195284335262595,50,2025-02-22,2025-04-16
2025-01-20 00:00:00+00:00,787847078680683474,52,2025-01-22,2025-04-20
2025-01-20 00:00:00+00:00,790431243381422888,90,2025-01-21,2025-04-20
2025-01-20 00:00:00+00:00,790518755885066166,47,2025-02-27,2025-04-20
2025-01-20 00:00:00+00:00,790752171303746450,76,2025-01-27,2025-04-20
2025-01-20 00:00:00+00:00,792096103347120988,24,2025-01-23,2025-03-06
2025-01-20 00:00:00+00:00,792184367926408145,50,2025-02-24,2025-04-19
2025-01-20 00:00:00+00:00,794710559970994170,36,2025-01-31,2025-04-20
2025-01-20 00:00:00+00:00,794996321339600522,58,2025-01-30,2025-04-20
2025-01-20 00:00:00+00:00,795495744056169046,45,2025-01-24,2025-04-20
2025-01-20 00:00:00+00:00,796481545034280714,71,2025-01-21,2025-04-20
2025-01-20 00:00:00+00:00,797261187302809924,68,2025-01-25,2025-04-20
2025-01-20 00:00:00+00:00,798475021925579344,25,2025-02-12,2025-03-22
2025-01-20 00:00:00+00:00,799251513158018593,51,2025-03-01,2025-04-20
2025-01-20 00:00:00+00:00,800942299109284552,39,2025-02-12,2025-04-19
2025-01-20 00:00:00+00:00,801271167231006592,34,2025-03-18,2025-04-20
2025-01-20 00:00:00+00:00,801611117719633492,57,2025-01-21,2025-04-20
2025-01-20 00:00:00+00:00,802047490248101970,35,2025-03-17,2025-04-20
2025-01-20 00:00:00+00:00,802357806571870530,55,2025-02-09,2025-04-20
2025-01-20 00:00:00+00:00,805726391815686158,47,2025-01-27,2025-04-17
2025-01-20 00:00:00+00:00,806702099486447309,60,2025-01-31,2025-04-20
2025-01-20 00:00:00+00:00,807400945391416643,19,2025-02-06,2025-04-19
2025-01-20 00:00:00+00:00,809946874989632205,75,2025-01-20,2025-04-20
2025-01-20 00:00:00+00:00,811053746893495263,59,2025-01-21,2025-04-20
2025-01-20 00:00:00+00:00,812231708820863156,35,2025-03-01,2025-04-16
2025-01-20 00:00:00+00:00,813090046454458015,84,2025-01-23,2025-04-20
2025-01-20 00:00:00+00:00,815806026505024003,33,2025-01-27,2025-03-17
2025-01-20 00:00:00+00:00,816613605644920543,79,2025-01-21,2025-04-17
2025-01-20 00:00:00+00:00,821574780923920105,44,2025-03-08,2025-04-20
2025-01-20 00:00:00+00:00,821920276390293366,38,2025-01-20,2025-04-11
2025-01-20 00:00:00+00:00,822365439954007216,57,2025-02-15,2025-04-20
2025-01-20 00:00:00+00:00,826063757882656916,73,2025-01-22,2025-04-19
2025-01-20 00:00:00+00:00,826617189908528565,49,2025-02-15,2025-04-20
2025-01-20 00:00:00+00:00,828036946101813387,24,2025-03-01,2025-04-20
2025-01-20 00:00:00+00:00,831740758559247685,34,2025-02-21,2025-03-31
2025-01-20 00:00:00+00:00,832123000813215722,78,2025-01-28,2025-04-20
2025-01-20 00:00:00+00:00,834645644371228115,38,2025-01-22,2025-02-28
2025-01-20 00:00:00+00:00,836385234465202348,33,2025-01-26,2025-03-31
2025-01-20 00:00:00+00:00,837646263953285868,55,2025-02-09,2025-04-17
2025-01-20 00:00:00+00:00,839184834439414765,42,2025-01-31,2025-04-20
2025-01-20 00:00:00+00:00,840525492567265584,39,2025-02-24,2025-04-17
2025-01-20 00:00:00+00:00,841394344184198064,27,2025-02-17,2025-03-31
2025-01-20 00:00:00+00:00,844864653127085626,74,2025-02-02,2025-04-20
2025-01-20 00:00:00+00:00,850675824952359571,66,2025-01-25,2025-03-31
2025-01-20 00:00:00+00:00,850931966820064700,40,2025-01-27,2025-04-20
2025-01-20 00:00:00+00:00,856482117556875618,20,2025-03-28,2025-04-16
2025-01-20 00:00:00+00:00,859653300578357102,57,2025-01-28,2025-03-31
2025-01-20 00:00:00+00:00,859925561562240250,29,2025-02-24,2025-03-31
2025-01-20 00:00:00+00:00,863830918159371125,67,2025-01-31,2025-04-20
2025-01-20 00:00:00+00:00,869504505210568410,80,2025-01-23,2025-04-20
2025-01-20 00:00:00+00:00,871084107630048364,54,2025-02-09,2025-04-20
2025-01-20 00:00:00+00:00,873125740517449213,62,2025-01-29,2025-04-20
2025-01-20 00:00:00+00:00,873255393900331818,71,2025-02-01,2025-04-20
2025-01-20 00:00:00+00:00,881204142086821328,51,2025-01-28,2025-04-20
2025-01-20 00:00:00+00:00,892721989592935461,47,2025-02-22,2025-04-16
2025-01-20 00:00:00+00:00,894985131313802009,64,2025-02-11,2025-04-20
2025-01-20 00:00:00+00:00,897144549301156856,27,2025-02-07,2025-03-05
2025-01-20 00:00:00+00:00,900757690500508426,25,2025-02-16,2025-04-17
2025-01-20 00:00:00+00:00,902324773092897293,3,2025-01-21,2025-01-23
2025-01-20 00:00:00+00:00,904512525045117852,40,2025-02-19,2025-04-16
2025-01-20 00:00:00+00:00,906701409648697471,57,2025-02-07,2025-04-20
2025-01-20 00:00:00+00:00,910815231577364751,39,2025-02-14,2025-04-20
2025-01-20 00:00:00+00:00,911476333007658783,53,2025-01-27,2025-04-17
2025-01-20 00:00:00+00:00,913929715874853789,52,2025-02-01,2025-04-20
2025-01-20 00:00:00+00:00,915332897455058900,68,2025-01-31,2025-04-20
2025-01-20 00:00:00+00:00,916052715744473224,40,2025-01-20,2025-02-28
2025-01-20 00:00:00+00:00,923133320997277084,39,2025-02-03,2025-04-16
2025-01-20 00:00:00+00:00,929120660817262874,86,2025-01-25,2025-04-20
2025-01-20 00:00:00+00:00,936216057908307884,61,2025-02-19,2025-04-20
2025-01-20 00:00:00+00:00,939325387438995809,68,2025-01-27,2025-04-20
2025-01-20 00:00:00+00:00,939698664229028471,35,2025-01-23,2025-04-16
2025-01-20 00:00:00+00:00,944320965810800803,84,2025-01-27,2025-04-20
2025-01-20 00:00:00+00:00,946451380352813662,20,2025-04-01,2025-04-20
2025-01-20 00:00:00+00:00,946609581890906389,23,2025-02-25,2025-04-14
2025-01-20 00:00:00+00:00,950059146531590785,17,2025-02-08,2025-03-10
2025-01-20 00:00:00+00:00,956398979498945273,39,2025-03-07,2025-04-14
2025-01-20 00:00:00+00:00,956676934234107014,14,2025-02-09,2025-03-30
2025-01-20 00:00:00+00:00,957349094500016515,82,2025-01-25,2025-04-20
2025-01-20 00:00:00+00:00,963040775940890055,80,2025-01-31,2025-04-20
2025-01-20 00:00:00+00:00,963916345061155113,35,2025-02-01,2025-03-31
2025-01-20 00:00:00+00:00,964579064376617710,64,2025-01-31,2025-04-20
2025-01-20 00:00:00+00:00,965310801955633109,63,2025-02-05,2025-04-20
2025-01-20 00:00:00+00:00,966687088388761169,88,2025-01-23,2025-04-20
2025-01-20 00:00:00+00:00,968213956640500474,81,2025-01-20,2025-04-17
2025-01-20 00:00:00+00:00,978095320445301654,73,2025-02-07,2025-04-20
2025-01-20 00:00:00+00:00,978244263452010977,47,2025-02-04,2025-04-17
2025-01-20 00:00:00+00:00,980310639590708922,68,2025-01-27,2025-04-20
2025-01-20 00:00:00+00:00,983188724209547131,73,2025-01-27,2025-04-17
2025-01-20 00:00:00+00:00,984846668146064982,48,2025-01-20,2025-03-08
2025-01-20 00:00:00+00:00,985445004274818605,59,2025-01-26,2025-04-17
2025-01-20 00:00:00+00:00,985716714802993034,48,2025-03-04,2025-04-20
2025-01-20 00:00:00+00:00,986245345084467584,86,2025-01-25,2025-04-20
2025-01-20 00:00:00+00:00,986407426689940399,35,2025-02-23,2025-04-17
2025-01-20 00:00:00+00:00,991407580891691701,55,2025-02-25,2025-04-20
2025-01-20 00:00:00+00:00,995680028058206783,84,2025-01-20,2025-04-20
2025-01-20 00:00:00+00:00,996227938456591020,73,2025-01-28,2025-04-20
2025-01-20 00:00:00+00:00,999226382307972271,84,2025-01-27,2025-04-20
2025-01-20 00:00:00+00:00,1002341236260011015,54,2025-01-30,2025-04-20
2025-01-20 00:00:00+00:00,1002785860497857801,65,2025-02-10,2025-04-20
2025-01-20 00:00:00+00:00,1004496327455456339,79,2025-01-31,2025-04-19
2025-01-20 00:00:00+00:00,1004910078575857573,19,2025-01-28,2025-03-10
2025-01-20 00:00:00+00:00,1005860682746801029,66,2025-02-10,2025-04-20
2025-01-20 00:00:00+00:00,1005958896607152946,53,2025-01-25,2025-03-31
2025-01-20 00:00:00+00:00,1006396584243125090,72,2025-01-25,2025-04-20
2025-01-20 00:00:00+00:00,1008029204257210230,53,2025-01-25,2025-03-31
2025-01-20 00:00:00+00:00,1011115904222911872,67,2025-01-29,2025-04-17
2025-01-20 00:00:00+00:00,1011714999685071594,28,2025-03-24,2025-04-20
2025-01-20 00:00:00+00:00,1014245162199655907,43,2025-03-06,2025-04-17
2025-01-20 00:00:00+00:00,1015691857467598452,55,2025-01-20,2025-03-31
2025-01-20 00:00:00+00:00,1019453731090411731,66,2025-02-10,2025-04-20
2025-01-20 00:00:00+00:00,1019756845213291605,72,2025-01-23,2025-04-20
2025-01-20 00:00:00+00:00,1023885231203292759,70,2025-01-31,2025-04-20
2025-01-20 00:00:00+00:00,1025356251415331533,29,2025-01-29,2025-04-20
2025-01-20 00:00:00+00:00,1030981527494824971,27,2025-02-07,2025-04-08
2025-01-20 00:00:00+00:00,1031938290013047428,80,2025-01-31,2025-04-20
2025-01-20 00:00:00+00:00,1032037416009523135,37,2025-01-24,2025-03-05
2025-01-20 00:00:00+00:00,1033202997223117530,29,2025-01-23,2025-03-15
2025-01-20 00:00:00+00:00,1034873975277447845,51,2025-03-01,2025-04-20
2025-01-20 00:00:00+00:00,1035628196408986358,43,2025-01-31,2025-04-20
2025-01-20 00:00:00+00:00,1037004838842410100,35,2025-01-28,2025-03-31
2025-01-20 00:00:00+00:00,1037047027853581998,9,2025-02-15,2025-03-04
2025-01-20 00:00:00+00:00,1039235354309448898,60,2025-01-21,2025-04-17
2025-01-20 00:00:00+00:00,1042032092670718662,25,2025-02-07,2025-04-11
2025-01-20 00:00:00+00:00,1043497443334655968,42,2025-03-06,2025-04-20
2025-01-20 00:00:00+00:00,1044458170286255125,47,2025-02-12,2025-04-16
2025-01-20 00:00:00+00:00,1045077329214831775,31,2025-03-20,2025-04-19
2025-01-20 00:00:00+00:00,1045459185575382038,89,2025-01-22,2025-04-20
2025-01-20 00:00:00+00:00,1045520246239520927,81,2025-01-30,2025-04-20
2025-01-20 00:00:00+00:00,1045916135727198441,59,2025-02-21,2025-04-20
2025-01-20 00:00:00+00:00,1046547202929220520,56,2025-01-29,2025-04-20
2025-01-20 00:00:00+00:00,1047723626454445067,91,2025-01-20,2025-04-20
2025-01-20 00:00:00+00:00,1048804459244346908,70,2025-01-31,2025-04-20
2025-01-20 00:00:00+00:00,1050857413300266721,54,2025-01-28,2025-04-02
2025-01-20 00:00:00+00:00,1052110098791057231,22,2025-02-28,2025-04-20
2025-01-20 00:00:00+00:00,1052490589225547467,67,2025-02-13,2025-04-20
2025-01-20 00:00:00+00:00,1053030252161966865,83,2025-01-28,2025-04-20
2025-01-20 00:00:00+00:00,1053132609735844516,11,2025-02-27,2025-03-09
2025-01-20 00:00:00+00:00,1053522951026570547,65,2025-01-25,2025-04-20
2025-01-20 00:00:00+00:00,1053625763515857065,72,2025-02-05,2025-04-20
2025-01-20 00:00:00+00:00,1053851019443958006,90,2025-01-21,2025-04-20
2025-01-20 00:00:00+00:00,1054265461023254222,58,2025-01-29,2025-04-16
2025-01-20 00:00:00+00:00,1055163452693752832,71,2025-01-22,2025-04-20
2025-01-20 00:00:00+00:00,1056816282920055514,43,2025-02-17,2025-03-31
2025-01-20 00:00:00+00:00,1056827534457537585,79,2025-01-26,2025-04-20
2025-01-20 00:00:00+00:00,1057137469420115073,69,2025-01-25,2025-04-20
2025-01-20 00:00:00+00:00,1057964852411462810,77,2025-02-03,2025-04-20
2025-01-20 00:00:00+00:00,1058193595817353204,33,2025-02-09,2025-04-20
2025-01-20 00:00:00+00:00,1058777213156843238,26,2025-02-02,2025-04-16
2025-01-20 00:00:00+00:00,1060712994513047104,59,2025-01-26,2025-04-20
2025-01-20 00:00:00+00:00,1062221285605590578,66,2025-02-14,2025-04-20
2025-01-20 00:00:00+00:00,1062615116593634676,45,2025-02-18,2025-04-20
2025-01-20 00:00:00+00:00,1063807278503566143,49,2025-01-29,2025-04-17
2025-01-20 00:00:00+00:00,1066545050089987954,69,2025-02-02,2025-04-20
2025-01-20 00:00:00+00:00,1067320906990424780,61,2025-02-12,2025-04-20
2025-01-20 00:00:00+00:00,1070343877574441166,19,2025-01-24,2025-04-17
2025-01-20 00:00:00+00:00,1074031328011239995,89,2025-01-21,2025-04-19
2025-01-20 00:00:00+00:00,1075503699104403085,69,2025-02-11,2025-04-20
2025-01-20 00:00:00+00:00,1081972140987250431,63,2025-01-30,2025-04-20
2025-01-20 00:00:00+00:00,1082133757143221839,15,2025-01-29,2025-02-12
2025-01-20 00:00:00+00:00,1083301106167776779,30,2025-03-06,2025-04-16
2025-01-20 00:00:00+00:00,1085437829031467755,45,2025-02-25,2025-04-20
2025-01-20 00:00:00+00:00,1088251024341369589,14,2025-01-25,2025-02-07
2025-01-20 00:00:00+00:00,1100720037663116812,62,2025-01-24,2025-04-15
2025-01-20 00:00:00+00:00,1100991386372756521,90,2025-01-21,2025-04-20
2025-01-20 00:00:00+00:00,1111626053814730010,63,2025-01-31,2025-04-20
2025-01-20 00:00:00+00:00,1124052077567202180,8,2025-04-09,2025-04-16
2025-01-20 00:00:00+00:00,1125970477826966385,65,2025-02-15,2025-04-20
2025-01-20 00:00:00+00:00,1131810056799937593,72,2025-02-04,2025-04-20
2025-01-20 00:00:00+00:00,1137698308528017474,53,2025-02-03,2025-04-20
2025-01-20 00:00:00+00:00,1139831117529014384,78,2025-01-28,2025-04-20
2025-01-20 00:00:00+00:00,1147824179020677628,42,2025-02-18,2025-04-19
2025-01-20 00:00:00+00:00,1153493820067017135,57,2025-02-06,2025-04-20
2025-01-20 00:00:00+00:00,1153552657765472365,35,2025-02-04,2025-04-20
2025-01-20 00:00:00+00:00,1161796266594364332,25,2025-03-23,2025-04-16
2025-01-20 00:00:00+00:00,1161927707286622818,32,2025-01-25,2025-04-17
2025-01-20 00:00:00+00:00,1163772289534164479,62,2025-01-22,2025-04-20
2025-01-20 00:00:00+00:00,1171049670344322120,61,2025-02-19,2025-04-20
2025-01-20 00:00:00+00:00,1173260792743932663,31,2025-01-25,2025-02-28
2025-01-20 00:00:00+00:00,1174263938200349649,88,2025-01-21,2025-04-20
2025-01-20 00:00:00+00:00,1179103047052148475,36,2025-01-29,2025-04-20
2025-01-20 00:00:00+00:00,1181723518413479765,86,2025-01-25,2025-04-20
2025-01-20 00:00:00+00:00,1181933658424522281,65,2025-01-27,2025-04-20
2025-01-20 00:00:00+00:00,1181944920258781413,75,2025-01-26,2025-04-20
2025-01-20 00:00:00+00:00,1181971107577983158,69,2025-01-31,2025-04-20
2025-01-20 00:00:00+00:00,1182018398755268829,61,2025-01-26,2025-04-20
2025-01-20 00:00:00+00:00,1182028381058524086,33,2025-02-05,2025-04-20
2025-01-20 00:00:00+00:00,1182040498646675653,50,2025-01-25,2025-04-16
2025-01-20 00:00:00+00:00,1182043782165637473,72,2025-01-22,2025-04-20
2025-01-20 00:00:00+00:00,1182070530301053205,56,2025-02-14,2025-04-20
2025-01-20 00:00:00+00:00,1182188163181410725,82,2025-01-24,2025-04-20
2025-01-20 00:00:00+00:00,1183418487997408853,63,2025-01-29,2025-04-20
2025-01-20 00:00:00+00:00,1184078920130796920,70,2025-02-05,2025-04-19
2025-01-20 00:00:00+00:00,1184152596221501552,74,2025-01-22,2025-04-20
2025-01-20 00:00:00+00:00,1187061700423806804,73,2025-01-28,2025-04-20
2025-01-20 00:00:00+00:00,1187558666042801587,64,2025-01-23,2025-04-20
2025-01-20 00:00:00+00:00,1187772975255244525,63,2025-01-28,2025-04-20
2025-01-20 00:00:00+00:00,1188323084225041810,66,2025-01-30,2025-04-20
2025-01-20 00:00:00+00:00,1188339469325210376,67,2025-02-02,2025-04-20
2025-01-20 00:00:00+00:00,1188476386889166335,64,2025-01-31,2025-04-20
2025-01-20 00:00:00+00:00,1189331897618015345,62,2025-02-07,2025-04-20
2025-01-20 00:00:00+00:00,1191261348067720296,61,2025-02-15,2025-04-20
2025-01-20 00:00:00+00:00,1191386301072209798,69,2025-01-28,2025-04-17
2025-01-20 00:00:00+00:00,1192836728602105901,74,2025-01-29,2025-04-20
2025-01-20 00:00:00+00:00,1193347652334673191,54,2025-02-14,2025-04-15
2025-01-20 00:00:00+00:00,1193414131980072087,56,2025-02-03,2025-04-20
2025-01-20 00:00:00+00:00,1193496259129259761,76,2025-01-22,2025-04-20
2025-01-20 00:00:00+00:00,1195858349379362032,48,2025-02-09,2025-04-20
2025-01-20 00:00:00+00:00,1197121947398131654,50,2025-01-22,2025-04-20
2025-01-20 00:00:00+00:00,1197195878719681680,64,2025-01-21,2025-04-20
2025-01-20 00:00:00+00:00,1198703061430420363,40,2025-02-26,2025-04-20
2025-01-20 00:00:00+00:00,1199996219082185363,54,2025-01-27,2025-04-16
2025-01-20 00:00:00+00:00,1203075817950465589,28,2025-01-30,2025-04-20
2025-01-20 00:00:00+00:00,1203140233522044896,73,2025-01-30,2025-04-19
2025-01-20 00:00:00+00:00,1207335703563012811,74,2025-01-31,2025-04-20
2025-01-20 00:00:00+00:00,1207338410880339003,83,2025-01-25,2025-04-20
2025-01-20 00:00:00+00:00,1207383031689344642,67,2025-01-21,2025-04-19
2025-01-20 00:00:00+00:00,1207864392976162235,74,2025-01-22,2025-04-20
2025-01-20 00:00:00+00:00,1207881809440158991,82,2025-01-29,2025-04-20
2025-01-20 00:00:00+00:00,1207940918769840398,68,2025-02-02,2025-04-20
2025-01-20 00:00:00+00:00,1207992119242235910,73,2025-01-23,2025-04-20
2025-01-20 00:00:00+00:00,1208704132667695539,91,2025-01-20,2025-04-20
2025-01-20 00:00:00+00:00,1208718899534488031,75,2025-01-21,2025-04-20
2025-01-20 00:00:00+00:00,1208735754877396448,69,2025-01-20,2025-04-20
2025-01-20 00:00:00+00:00,1208746927423730353,72,2025-01-31,2025-04-20
2025-01-20 00:00:00+00:00,1208757710030861160,62,2025-02-18,2025-04-20
2025-01-20 00:00:00+00:00,1208757855935244741,63,2025-01-31,2025-04-20
2025-01-20 00:00:00+00:00,1213824251801309412,70,2025-02-10,2025-04-20
2025-01-20 00:00:00+00:00,1214464056304542513,74,2025-01-30,2025-04-20
2025-01-20 00:00:00+00:00,1216602433904805187,63,2025-01-21,2025-04-20
2025-01-20 00:00:00+00:00,1219597802580113056,63,2025-01-25,2025-04-20
2025-01-20 00:00:00+00:00,1219655958873769070,67,2025-01-28,2025-04-20
2025-01-20 00:00:00+00:00,1226846054624436877,68,2025-01-30,2025-04-20
2025-01-20 00:00:00+00:00,1226856286781952840,69,2025-02-06,2025-04-20
2025-01-20 00:00:00+00:00,1233370107101543516,43,2025-02-18,2025-04-20
2025-01-20 00:00:00+00:00,1233973103621276698,53,2025-01-31,2025-04-20
2025-01-20 00:00:00+00:00,1233994658216308874,48,2025-01-29,2025-04-20
2025-01-20 00:00:00+00:00,1234084273027568746,51,2025-01-27,2025-04-20
2025-01-20 00:00:00+00:00,1236367599770739400,59,2025-01-26,2025-04-20
2025-01-20 00:00:00+00:00,1238321506456103932,76,2025-02-04,2025-04-20
2025-01-20 00:00:00+00:00,1242713378625026725,69,2025-01-31,2025-04-20
2025-01-20 00:00:00+00:00,1248514191377483703,70,2025-01-27,2025-04-20
2025-01-20 00:00:00+00:00,1249371220066552412,69,2025-01-29,2025-04-20
2025-01-20 00:00:00+00:00,1249385754807434824,63,2025-02-07,2025-04-20
2025-01-20 00:00:00+00:00,1249919049392818339,74,2025-01-25,2025-04-20
2025-01-20 00:00:00+00:00,1254384361135492137,81,2025-01-30,2025-04-20
2025-01-20 00:00:00+00:00,1257312272803306995,73,2025-01-24,2025-04-20
2025-01-20 00:00:00+00:00,1259534245145609058,54,2025-01-28,2025-04-20
2025-01-20 00:00:00+00:00,1260073533686146608,63,2025-01-26,2025-04-20
2025-01-20 00:00:00+00:00,1262982199583014782,76,2025-01-20,2025-04-20
2025-01-20 00:00:00+00:00,1263128865886946817,76,2025-01-30,2025-04-20
2025-01-20 00:00:00+00:00,1264729892004302735,35,2025-02-19,2025-04-19
2025-01-20 00:00:00+00:00,1265161823691467042,69,2025-01-20,2025-04-20
2025-01-20 00:00:00+00:00,1265295313956605287,73,2025-02-03,2025-04-20
2025-01-20 00:00:00+00:00,1265370363028714118,60,2025-02-02,2025-04-20
2025-01-20 00:00:00+00:00,1266717192483343855,62,2025-02-18,2025-04-20
2025-01-20 00:00:00+00:00,1269623861253689862,58,2025-01-26,2025-04-20
2025-01-20 00:00:00+00:00,1269636598524749154,63,2025-02-17,2025-04-20
2025-01-20 00:00:00+00:00,1271171762063321920,56,2025-02-02,2025-04-20
2025-01-20 00:00:00+00:00,1272260793182499350,45,2025-02-27,2025-04-19
2025-01-20 00:00:00+00:00,1272537775161574422,54,2025-01-27,2025-04-20
2025-01-20 00:00:00+00:00,1274055523929375490,69,2025-01-31,2025-04-20
2025-01-20 00:00:00+00:00,1274533646308060247,81,2025-01-25,2025-04-20
2025-01-20 00:00:00+00:00,1274679812745645557,68,2025-01-21,2025-04-20
2025-01-20 00:00:00+00:00,1277103969415516416,54,2025-02-03,2025-04-20
2025-01-20 00:00:00+00:00,1277671971539993475,30,2025-03-04,2025-04-18
2025-01-20 00:00:00+00:00,1280559161534348023,85,2025-01-20,2025-04-20
2025-01-20 00:00:00+00:00,1282577030741754149,67,2025-01-29,2025-04-20
2025-01-20 00:00:00+00:00,1282585098065467787,64,2025-01-26,2025-04-20
2025-01-20 00:00:00+00:00,1283982403734255309,62,2025-01-30,2025-04-20
2025-01-20 00:00:00+00:00,1284110666632259028,73,2025-01-20,2025-04-20
2025-01-20 00:00:00+00:00,1285538056394050628,83,2025-01-22,2025-04-20
2025-01-20 00:00:00+00:00,1292815457899461748,49,2025-01-20,2025-04-20
2025-01-20 00:00:00+00:00,1297930390704189766,70,2025-01-28,2025-04-20
2025-01-20 00:00:00+00:00,1297930815921503919,74,2025-01-27,2025-04-20
2025-01-20 00:00:00+00:00,1303745304497797235,70,2025-02-01,2025-04-20
2025-01-20 00:00:00+00:00,1304403734260231676,68,2025-01-21,2025-04-20
2025-01-20 00:00:00+00:00,1304433283397417052,65,2025-01-22,2025-04-20
2025-01-20 00:00:00+00:00,1307990676918354925,79,2025-01-28,2025-04-20
2025-01-20 00:00:00+00:00,1311575286815584867,82,2025-01-26,2025-04-20
2025-01-20 00:00:00+00:00,1312949509621922876,68,2025-01-29,2025-04-20
2025-01-20 00:00:00+00:00,1313064371372817918,83,2025-01-26,2025-04-20
2025-01-20 00:00:00+00:00,1314095834089788250,78,2025-02-01,2025-04-19
2025-01-20 00:00:00+00:00,1315954985293478319,83,2025-01-24,2025-04-20
2025-01-20 00:00:00+00:00,1318315111310867765,81,2025-01-29,2025-04-19
2025-01-20 00:00:00+00:00,1318376138623084691,85,2025-01-26,2025-04-20
2025-01-20 00:00:00+00:00,1320994692912931266,79,2025-01-20,2025-04-20
2025-01-20 00:00:00+00:00,1320995339425720277,55,2025-02-05,2025-04-20
2025-01-20 00:00:00+00:00,1321022086036905023,84,2025-01-27,2025-04-20
2025-01-20 00:00:00+00:00,1321134786322096510,65,2025-02-15,2025-04-20
2025-01-20 00:00:00+00:00,1329787295308110610,71,2025-02-09,2025-04-20
2025-01-20 00:00:00+00:00,1333504785474035960,82,2025-01-29,2025-04-20
