airbnb_listing_id,adr,n_datas_91d,occ_le15,occ_forward_piso,receita_91d_piso,receita_91d_teto,rec_anual_ombro_piso,rec_anual_alta_piso,rec_anual_ombro_teto,rec_anual_alta_teto
1977915,841.5673096153846,52,1.0,0.40795998872921946,31242.646903247034,76582.625175,99689.36398901895,120199.22887227591,244360.64011950706,294634.84702676884
2951220,789.6676470588235,85,0.375,0.40795998872921946,29315.905199849167,26947.408455882352,97762.62228562108,118272.48716887804,89864.16406007251,108716.99165029566
3263701,1488.4615384615386,26,1.0,0.40795998872921946,55258.18047337278,135450.0,123704.8975591447,144214.76244240167,303228.01494450704,353502.22185176885
3977675,242.7121210909091,55,0.3125,0.40795998872921946,9010.531910806993,6902.1259435227275,77457.24899657891,97967.11387983587,59332.75561368118,75043.4452722005
6569062,720.7222222222222,90,0.0,0.40795998872921946,26756.350498575495,0.0,95203.06758434742,115712.93246760438,0.0,0.0
8287843,591.4179104477612,67,0.8125,0.40795998872921946,21956.01081132797,43727.96175373134,90402.72789709989,110912.59278035685,180047.59889614332,220895.3920082935
8838629,747.7525242424242,66,0.8125,0.40795998872921946,27759.833133958815,55286.95226117424,96206.55021973074,116716.4151029877,191606.58940358623,232454.38251573642
9327293,922.4090909090909,33,0.6875,0.40795998872921946,34243.84621212121,57708.21874999999,102690.56329789312,123200.42818115008,173055.6040243486,207619.1212730911
9658725,282.1,10,1.0,0.40795998872921946,10472.781666666666,25671.100000000002,78919.49875243858,99429.36363569554,193449.11494450708,243723.32185176885
10340400,300.0,6,1.0,0.40795998872921946,11137.307692307691,27300.0,79584.0247780796,100093.88966133657,195078.01494450707,245352.22185176885
10982940,1800.0,75,0.4375,0.40795998872921946,66823.84615384614,71662.5,135270.56323961806,155780.42812287502,145065.38153822185,167060.34706014887
11567423,814.3548387096774,62,0.6875,0.40795998872921946,30232.401364764268,50948.0745967742,98679.11845053619,119188.98333379315,166295.4598711228,200858.9771198653
12067632,712.2857142857143,14,1.0,0.40795998872921946,26443.15054945055,64818.00000000001,94889.86763522247,115399.73251847943,232596.01494450707,282870.22185176885
12359560,839.946644,25,1.0,0.40795998872921946,31182.4807311641,76435.144604,99629.19781693602,120139.06270019298,244213.15954850707,294487.3664557688
12931525,385.851852,45,1.0,0.40795998872921946,14324.50266456923,35112.518532,82771.21975034114,103281.0846335981,202890.53347650706,253164.74038376886
14884678,573.5714285714286,42,1.0,0.40795998872921946,21293.47161172161,52195.0,89740.18869749352,110250.05358075048,219973.01494450707,270247.22185176885
15500038,437.4553677966101,59,1.0,0.40795998872921946,16240.250109341587,39808.43846949152,84686.96719511351,105196.83207837047,207586.4534139986,257860.66032126037
15523493,608.0816326530612,49,0.8125,0.40795998872921946,22574.64081632653,44960.03571428572,91021.35790209845,111531.2227853554,181279.6728566977,222127.4659688479
15549803,690.8048780487804,41,0.5625,0.40795998872921946,25645.688273921194,35360.57469512195,94092.4053596931,114602.27024295006,129735.70810140717,158014.9494867419
15732070,752.3468459459459,37,0.75,0.40795998872921946,27930.394382124043,51347.67223581081,96377.11146789596,116886.97635115292,177181.18344419112,214886.83862463743
15754075,673.5675621621622,37,0.75,0.40795998872921946,25005.763971191962,45970.98611756757,93452.48105696388,113962.34594022084,171804.4973259479,209510.1525063942
15909831,719.8461538461538,65,1.0,0.40795998872921946,26723.82702169625,65506.0,95170.54410746816,115680.40899072512,233284.01494450707,283558.22185176885
15934309,784.8688524590164,61,1.0,0.40795998872921946,29137.753026481714,71423.0655737705,97584.47011225364,118094.3349955106,239201.08051827757,289475.28742553934
15980018,400.0,22,1.0,0.40795998872921946,14849.743589743588,36400.0,83296.46067551551,103806.32555877247,204178.01494450707,254452.22185176885
16017693,884.7222222222222,36,0.375,0.40795998872921946,32844.745370370365,30191.145833333332,101291.46245614228,121801.32733939924,93107.90143752348,111960.72902774664
16105751,255.70967741935485,31,0.8125,0.40795998872921946,9493.057857733664,18906.53427419355,77939.77494350559,98449.63982676255,155226.17141660553,196073.96452875572
16177778,750.9666666666667,90,0.0625,0.40795998872921946,27879.15611111111,4271.122916666667,96325.87319688303,116835.73808013998,14757.24885069836,17899.38678240222
16253828,1605.4726054794519,73,0.5625,0.40795998872921946,59602.14132931857,82180.12899297944,128048.85841509048,148558.72329834744,176555.26239926467,204834.50378459942
16321793,518.0555555555555,72,0.75,0.40795998872921946,19232.48041310541,35357.291666666664,87679.19749887733,108189.06238213429,161190.80287504697,198896.45805549328
16350860,603.9346153846154,65,0.875,0.40795998872921946,22420.68545857988,48088.293750000004,90867.40254435179,111377.26742760875,194894.0568264437,238883.98787029774
16451544,500.0,31,1.0,0.40795998872921946,18562.179487179485,45500.0,87008.8965729514,107518.76145620836,213278.01494450707,263552.22185176885
16527828,1055.7931034482758,87,0.25,0.40795998872921946,39195.64217506631,24019.293103448275,107642.35926083822,128152.22414409518,65963.79683957505,78532.34856639049
16586622,511.37254901960785,51,0.6875,0.40795998872921946,18984.3780794369,31992.745098039217,87431.09516520883,107940.96004846579,147340.13037238782,181903.6476211303
16618715,781.0746268656717,67,1.0,0.40795998872921946,28996.894833524682,71077.79104477612,97443.6119192966,117953.47680255356,238855.8059892832,289130.012896545
16662563,1728.0,62,0.5625,0.40795998872921946,64150.8923076923,88452.0,132597.60939346423,153107.4742767212,182827.13340628523,211106.37479161998
16730935,250.0,89,0.0625,0.40795998872921946,9281.089743589742,1421.875,77727.80682936165,98237.67171261861,11908.000934031692,15050.138865735553
16992951,531.0483870967741,62,0.4375,0.40795998872921946,19714.830955334983,21142.363911290322,88161.5480411069,108671.41292436386,94545.24544951216,116540.21097143918
17294276,796.5,10,0.8125,0.40795998872921946,29569.55192307692,58891.21875,98016.26900884885,118526.1338921058,195210.855892412,236058.64900456218
17570590,1563.4333333333334,60,0.875,0.40795998872921946,58041.4602991453,124488.37916666668,126488.17738491722,146998.04226817418,271294.14224311034,315284.07328696444
18395333,611.0169491525423,59,1.0,0.40795998872921946,22683.612559756624,55602.542372881355,91130.32964552855,111640.1945287855,223380.55731738842,273654.7642246502
18505349,623.4333333333333,30,1.0,0.40795998872921946,23144.56286324786,56732.43333333333,91591.27994901978,112101.14483227674,224510.4482778404,274784.6551851022
18506998,366.05,20,1.0,0.40795998872921946,13589.371602564102,33310.55,82036.08868833602,102545.95357159298,201088.5649445071,251362.77185176883
20555680,200.0,19,1.0,0.40795998872921946,7424.871794871794,18200.0,75871.58888064371,96381.45376390067,185978.01494450707,236252.22185176885
20618105,632.3691076923077,39,0.4375,0.40795998872921946,23476.297758264296,25176.195099999997,91923.01484403621,112432.87972729317,98579.07663822184,120574.04216014886
20863370,507.93055555555554,18,1.0,0.40795998872921946,18856.596278490026,46221.680555555555,87303.31336426194,107813.1782475189,213999.69550006263,264273.9024073244
20943549,381.76432736842105,57,1.0,0.40795998872921946,14172.75593282996,34740.55379052632,82619.47301860187,103129.33790185883,202518.5687350334,252792.77564229516
21025393,710.8564805555555,36,1.0,0.40795998872921946,26390.09116339387,64687.939730555554,94836.80824916578,115346.67313242274,232465.95467506262,282740.1615823244
21091876,751.077922077922,77,0.3125,0.40795998872921946,27883.286396936397,21358.77840909091,96330.00348270831,116839.86836596527,73789.40807924938,89500.09773776868
21103486,291.259233902439,41,1.0,0.40795998872921946,10812.81235399093,26504.59028512195,79259.52943976285,99769.3943230198,194282.60522962903,244556.8121368908
21280090,815.8377192982456,57,1.0,0.40795998872921946,30287.45235605038,74241.23245614035,98734.1694418223,119244.03432507926,242019.24740064744,292293.4543079092
21295667,736.2044018867924,53,1.0,0.40795998872921946,27331.116494148522,66994.60057169812,95777.83357992044,116287.6984631774,234772.6155162052,285046.82242346695
21324331,837.16,25,1.0,0.40795998872921946,31079.028358974356,76181.56,99525.74544474628,120035.61032800324,243959.57494450707,294233.78185176884
21397811,699.25,68,0.6875,0.40795998872921946,25959.20801282051,43746.828125,94405.92509859243,114915.78998184939,159094.2133993486,193657.7306480911
21454457,236.0,8,1.0,0.40795998872921946,8761.348717948717,21476.0,77208.06580372063,97717.93068697759,189254.01494450707,239528.22185176885
21545686,301.0952380952381,63,1.0,0.40795998872921946,11177.967704517703,27399.666666666664,79624.68479028963,100134.54967354659,195177.68161117373,245451.8885184355
21552865,694.3333333333334,27,0.875,0.40795998872921946,25776.679914529912,55286.29166666667,94223.39700030183,114733.2618835588,202092.05474311038,246081.98578696442
21607605,779.0921978723404,47,0.9375,0.40795998872921946,28923.298427935075,66466.30313098404,97370.015513707,117879.88039696396,223758.1921414594,270890.26111701736
21632405,494.971334,50,0.5625,0.40795998872921946,18375.49348543333,25336.345159124998,86822.21057120524,107332.0754544622,119711.47856541022,147990.71995074497
21662762,307.741935483871,31,0.75,0.40795998872921946,11424.722084367244,21003.387096774193,79871.43917013916,100381.30405339612,146836.8983051545,184542.5534856008
21695053,739.0625,76,0.75,0.40795998872921946,27437.221554487176,50441.015625,95883.93864025909,116393.80352351605,176274.5268333803,213980.18201382662
21734892,754.4067796610169,59,1.0,0.40795998872921946,28006.868100825726,68651.01694915254,96453.58518659764,116963.4500698546,236429.03189365962,286703.23880092136
22047595,681.9583333333334,60,1.0,0.40795998872921946,25317.26597222222,62058.208333333336,93763.98305799413,114273.8479412511,229836.2232778404,280110.43018510216
22190101,271.7391304347826,46,1.0,0.40795998872921946,10088.141025641025,24728.26086956522,78534.85811141295,99044.72299466991,192506.2758140723,242780.48272133406
22191680,388.94202898550725,69,0.6875,0.40795998872921946,14439.223504273503,24333.185688405796,82885.94059004541,103395.80547330237,139680.5709627544,174244.08821149688
22231120,334.46041675000004,80,0.6875,0.40795998872921946,12416.628574140705,20924.679822921877,80863.34565991262,101373.21054316958,136272.06509727048,170835.58234601296
22243318,521.1764705882352,34,1.0,0.40795998872921946,19348.342383107083,47427.058823529405,87795.059468879,108304.92435213596,215205.07376803647,265479.28067529824
22245880,1285.1787565217392,69,0.5,0.40795998872921946,47711.437503333334,58475.633421739134,116158.15458910525,136668.0194723622,142364.64089399268,167501.74434762355
22306996,156.05797086956522,23,1.0,0.40795998872921946,5793.5521313717945,14201.275349130436,74240.26921714371,94750.13410040067,181979.29029363752,232253.4972008993
22383070,321.29583349999996,40,0.6875,0.40795998872921946,11927.901859819869,20101.070583343746,80374.61894559179,100884.48382884875,135448.45585769234,170011.97310643483
22421016,811.1111111111111,9,1.0,0.40795998872921946,30111.980056980054,73811.11111111111,98558.69714275197,119068.56202600893,241589.12605561817,291863.33296287997
22421421,394.2608695652174,46,0.9375,0.40795998872921946,14636.68205128205,33635.38043478261,83083.39913705397,103593.26402031093,190927.26944525796,238059.33842081588
22421606,389.225,40,0.875,0.40795998872921946,14449.72862179487,30992.040624999998,82896.44570756679,103406.31059082375,177797.80370144368,221787.73474529773
22648075,396.66153846153844,65,0.8125,0.40795998872921946,14725.80534516765,29328.1625,83172.52243093957,103682.38731419653,165647.799642412,206495.59275456218
22739656,1162.878787878788,66,0.5625,0.40795998872921946,43171.129564879564,59524.85795454546,111617.84665065148,132127.71153390844,153899.9913608307,182179.23274616545
22810332,480.0,65,1.0,0.40795998872921946,17819.692307692305,43680.0,86266.40939346422,106776.27427672117,211458.01494450707,261732.22185176885
22901902,716.0432098765432,81,0.625,0.40795998872921946,26582.64516460905,40724.95756172839,95029.36225038097,115539.22713363793,145586.2169020453,177007.59621908393
23023313,528.6764705882352,68,0.4375,0.40795998872921946,19626.77507541478,21047.931985294115,88073.4921611867,108583.35704444366,94450.81352351596,116445.77904544298
23078040,774.074074074074,54,1.0,0.40795998872921946,28737.00379867046,70440.74074074073,97183.72088444237,117693.58576769933,238218.7556852478,288492.9625925096
23263225,286.40909090909093,11,0.3125,0.40795998872921946,10632.753904428904,8144.758522727274,79079.47099020082,99589.33587345778,60575.38819288573,76286.07785140505
23343001,565.2173913043479,69,0.125,0.40795998872921946,20983.333333333332,6429.347826086957,89430.05041910525,109939.9153023622,27401.59969415034,33685.875557558065
23779860,406.25,32,0.5625,0.40795998872921946,15081.770833333332,20794.921875,83528.48791910525,104038.3528023622,115170.05528128523,143449.29666661998
24171739,490.12,25,1.0,0.40795998872921946,18195.390820512817,44600.92,86642.10790628474,107151.9727895417,212378.93494450708,262653.1418517688
25165914,621.1764705882352,85,0.375,0.40795998872921946,23060.77828054298,21197.647058823528,91507.49536631489,112017.36024957185,84114.40266301368,102967.23025323683
26026295,438.7037037037037,27,0.875,0.40795998872921946,16286.59377967711,34931.78240740741,84733.31086544902,105243.17574870598,181737.5454838511,225727.47652770515
26197944,432.7586206896552,58,1.0,0.40795998872921946,16065.886383731211,39381.03448275862,84512.60346950313,105022.46835276009,207159.0494272657,257433.25633452745
26334990,1217.3090291666667,48,0.6875,0.40795998872921946,45191.81738151175,76157.89613723959,113638.53446728367,134148.39935054063,191505.2814115882,226068.79866033068
26570136,676.2346904761904,63,0.8125,0.40795998872921946,25104.77940015262,49999.10242708333,93551.49648592454,114061.3613691815,186318.73956949532,227166.5326816455
26708551,531.4013883333333,60,0.9375,0.40795998872921946,19727.935899959397,45335.18094218749,88174.65298573131,108684.51786898827,202627.06995266286,249759.13892822078
26839303,692.2018108695652,46,0.375,0.40795998872921946,25697.54850942307,23621.38679592391,94144.26559519499,114654.13047845195,86538.14240011407,105390.96999033722
26895628,824.6388888888889,36,1.0,0.40795998872921946,30614.190135327633,75042.13888888889,99060.90722109955,119570.77210435651,242820.15383339598,293094.3607406577
27022969,1502.127659574468,47,0.0625,0.40795998872921946,55765.52645935624,8543.351063829787,124212.24354512815,144722.1084283851,19029.47699786148,22171.614929565338
27201205,542.6111083333334,24,1.0,0.40795998872921946,20144.089569241452,49377.61085833334,88590.80665501337,109100.67153827033,217155.6258028404,267429.8327101022
27704027,734.1772151898734,79,0.5,0.40795998872921946,27255.858487504054,33405.06329113924,95702.57557327597,116212.44045653293,117294.07076339278,142431.17421702365
27718978,517.1428571428571,14,1.0,0.40795998872921946,19198.59706959707,47060.0,87645.31415536898,108155.17903862594,214838.01494450707,265112.22185176885
27981528,490.10869565217394,46,0.625,0.40795998872921946,18194.971153846152,27874.932065217396,86641.68823961807,107151.55312287503,132736.1914055343,164157.57072257294
28071688,659.3739804878049,41,1.0,0.40795998872921946,24478.836349981237,60003.03222439025,92925.55343575316,113435.41831901012,227781.04716889732,278055.2540761591
28075525,394.2857142857143,21,1.0,0.40795998872921946,14637.604395604394,35880.0,83084.3214813763,103594.18636463326,203658.01494450707,253932.22185176885
28160414,591.0526315789474,57,1.0,0.40795998872921946,21942.450067476384,53785.78947368421,90389.1671532483,110899.03203650526,221563.80441819128,271838.01132545306
28366360,775.4318181818181,66,0.1875,0.40795998872921946,28787.409178321675,13230.805397727272,97234.12626409359,117743.99114735055,44689.18319982235,54115.59699493393
28410850,527.5438592105263,76,0.5,0.40795998872921946,19584.72760405027,24003.245594078948,88031.44468982218,108541.30957307914,107892.25306633249,133029.35651996336
28429135,433.16878285714284,63,1.0,0.40795998872921946,16081.113391274723,39418.35924,84527.83047704663,105037.6953603036,207196.37418450706,257470.58109176884
28987242,623.8571428571429,28,1.0,0.40795998872921946,23160.29652014652,56771.0,91607.01360591844,112116.8784891754,224549.01494450707,274823.22185176885
29008738,532.6444444444444,45,0.875,0.40795998872921946,19774.08356125356,42411.813888888886,88220.80064702548,108730.66553028244,189217.57696533258,233207.50800918663
29114516,354.375,36,1.0,0.40795998872921946,13155.944711538461,32248.125,81602.66179731037,102112.52668056733,200026.13994450707,250300.34685176885
29341170,408.7826086956522,46,0.6875,0.40795998872921946,15175.792307692307,25574.461956521744,83622.50939346422,104132.37427672118,140921.84723087033,175485.36447961285
29739100,699.7922710144928,69,0.6875,0.40795998872921946,25979.339476623933,43780.75395534421,94426.05656239585,114935.92144565281,159128.1392296928,193691.6564784353
29761442,433.3333333333333,6,1.0,0.40795998872921946,16087.222222222219,39433.33333333333,84533.93930799414,105043.8041912511,207211.3482778404,257485.55518510216
29800671,548.8866666666667,75,0.9375,0.40795998872921946,20377.065649572647,46826.89375,88823.78273534456,109333.64761860152,204118.78276047535,251250.85173603328
29870406,781.1923076923077,65,0.375,0.40795998872921946,29001.263658777116,26658.1875,97447.98074454903,117957.84562780599,89574.94310419016,108427.77069441331
30032994,309.35483870967744,31,0.875,0.40795998872921946,11484.600082712986,24632.379032258068,79931.31716848491,100441.18205174187,171438.14210870175,215428.0731525558
30085847,562.2435892307692,65,0.75,0.40795998872921946,20872.932837635104,38373.124964999995,89319.64992340702,109829.51480666398,164206.6361733803,201912.29135382661
30105402,777.8735632183908,87,0.0625,0.40795998872921946,28878.05739758326,4424.155890804598,97324.77448335517,117834.63936661213,14910.28182483629,18052.419756540152
30153564,388.54356045454546,44,1.0,0.40795998872921946,14424.430615490093,35357.46400136364,82871.14770126202,103381.01258451898,203135.4789458707,253409.68585313248
30332330,308.0271732608696,46,1.0,0.40795998872921946,11435.31135399359,28030.47276673913,79882.0284397655,100391.89332302246,195808.4877112462,246082.694618508
30402651,597.71875,48,0.125,0.40795998872921946,22189.925440705127,6799.05078125,90636.64252647705,111146.50740973401,27771.302649313384,34055.578512721106
30491733,753.41180625,48,1.0,0.40795998872921946,27969.93035074519,68560.47436875,96416.64743651712,116926.51231977408,236338.48931325707,286612.69622051885
30493854,496.875,32,1.0,0.40795998872921946,18446.165865384613,45215.625,86892.88295115653,107402.74783441349,212993.63994450707,263267.84685176885
30494198,429.77966101694915,59,0.9375,0.40795998872921946,15955.294415471533,36665.57733050847,84402.01150124345,104911.87638450041,193957.46634098384,241089.53531654176
30560948,782.5726373134328,67,0.75,0.40795998872921946,29052.507511134703,53410.582496641786,97499.22459690663,118009.08948016359,179244.0937050221,216949.7488854684
30617740,556.4929577464789,71,1.0,0.40795998872921946,20659.44433008306,50640.859154929574,89106.16141585498,109616.02629911194,218418.87409943665,268693.0810066984
30785010,487.05,50,1.0,0.40795998872921946,18081.41903846154,44321.55,86528.13612423345,107038.00100749041,212099.5649445071,262373.77185176883
30910938,475.14814814814815,54,1.0,0.40795998872921946,17639.57041785375,43238.48148148148,86086.28750362567,106596.15238688263,211016.49642598856,261290.70333325033
31055581,422.1014492753623,69,0.375,0.40795998872921946,15670.245726495725,14404.211956521738,84116.96281226764,104626.8276955246,77320.9675607119,96173.79515093505
31059537,783.9425275862069,58,0.8125,0.40795998872921946,29103.363809376657,57962.75063340517,97550.08089514857,118059.94577840553,194282.38777581716,235130.18088796735
31069380,777.3157894736842,19,1.0,0.40795998872921946,28857.35040485829,70735.73684210525,97304.0674906302,117813.93237388716,238513.75178661232,288787.95869387407
31169655,404.71923076923076,65,0.6875,0.40795998872921946,15024.942006903351,25320.246874999997,83471.65909267527,103981.52397593223,140667.63214934862,175231.14939809107
31278015,504.2857142857143,56,1.0,0.40795998872921946,18721.283882783882,45890.0,87168.0009685558,107677.86585181276,213668.01494450707,263942.22185176885
31284638,868.25,40,0.8125,0.40795998872921946,32233.224679487175,64196.234375,100679.9417652591,121189.80664851605,200515.871517412,241363.66462956218
31380471,767.6578947368421,57,1.0,0.40795998872921946,28498.807253711195,69856.86842105263,96945.52433948312,117455.38922274008,237634.88336555968,287909.0902728215
31441134,1502.8666666666666,90,0.0,0.40795998872921946,55792.96162393162,0.0,124239.67870970353,144749.5435929605,0.0,0.0
31454750,544.4661016949152,59,0.5625,0.40795998872921946,20212.955008691868,27869.858580508473,88659.67209446378,109169.53697772074,122244.9919867937,150524.23337212845
31511990,483.43023255813955,86,0.3125,0.40795998872921946,17947.037492546213,13747.547238372095,86393.75457831813,106903.61946157509,66178.17690853056,81888.86656704986
31530689,716.4797297297297,74,0.375,0.40795998872921946,26598.85068433818,24449.870777027027,95045.5677701101,115555.43265336705,87366.62638121718,106219.45397144034
31543199,751.2727272727273,44,1.0,0.40795998872921946,27890.51841491841,68365.81818181818,96337.23550069032,116847.10038394728,236143.83312632525,286418.040033587
31560419,402.6585365853659,41,1.0,0.40795998872921946,14948.440056285179,36641.9268292683,83395.1571420571,103905.02202531406,204419.94177377538,254694.14868103713
31682871,321.8464910526316,38,1.0,0.40795998872921946,11948.344668475707,29288.030685789476,80395.06175424762,100904.92663750458,197066.04563029655,247340.25253755832
31859744,489.1304347826087,69,1.0,0.40795998872921946,18158.653846153844,44510.86956521739,86605.37093192576,107115.23581518272,212288.88450972445,262563.09141698625
31945494,551.0943396226415,53,1.0,0.40795998872921946,20459.024092888245,50149.584905660384,88905.74117866016,109415.60606191712,217927.59985016746,268201.8067574292
32185033,1116.2162162162163,37,0.8125,0.40795998872921946,41438.8115038115,82530.2364864865,109885.52858958341,130395.39347284037,218849.87362889847,259697.66674104868
32371924,545.8709677419355,31,1.0,0.40795998872921946,20265.109760132338,49674.25806451613,88711.82684590426,109221.69172916122,217452.2730090232,267726.47991628497
32443120,512.3974353846154,13,1.0,0.40795998872921946,19022.426328759368,46628.16662,87469.14341453128,107979.00829778824,214406.18156450707,264680.3884717688
32486859,868.3854166666666,48,1.0,0.40795998872921946,32238.251936431618,79023.07291666666,100684.96902220353,121194.83390546049,246801.08786117373,297075.29476843553
32585103,368.92105263157896,38,1.0,0.40795998872921946,13695.957591093118,33571.81578947369,82142.67467686503,102652.539560122,201349.83073398075,251624.03764124252
32592683,1123.2142857142858,56,0.875,0.40795998872921946,41698.61034798534,89435.9375,110145.32743375725,130655.19231701421,236241.7005764437,280231.63162029773
32600458,506.14034999999996,38,1.0,0.40795998872921946,18790.13604480769,46058.77185,87236.8531305796,107746.71801383657,213836.78679450706,264110.99370176886
32606991,574.6803278688525,61,0.375,0.40795998872921946,21334.63878730559,19610.96618852459,89781.35587307751,110291.22075633447,82527.72179271474,101380.5493829379
32766950,320.8333333333333,48,0.6875,0.40795998872921946,11910.731837606836,20072.135416666664,80357.44892337875,100867.3138066357,135419.52069101526,169983.03793975775
32990586,998.8358208955224,67,0.375,0.40795998872921946,37081.13957137389,34085.2723880597,105527.8566571458,126037.72154040277,97002.02799224984,115854.85558247301
33336758,471.45555666666667,30,1.0,0.40795998872921946,17502.48532614957,42902.455656666665,85949.20241192149,106459.06729517845,210680.47060117373,260954.6775084355
34218930,726.2360620689655,58,0.6875,0.40795998872921946,26961.048268373117,45435.143633189655,95407.76535414503,115917.63023740199,160782.52890753828,195346.04615628073
34540951,543.241935483871,62,1.0,0.40795998872921946,20167.508622828784,49435.01612903226,88614.2257086007,109124.09059185766,217213.03107353934,267487.2379808011
34866449,468.93220338983053,59,1.0,0.40795998872921946,17408.80745328118,42672.83050847458,85855.52453905309,106365.38942231005,210450.84545298165,260725.05236024343
35481220,598.7350681666667,60,0.0625,0.40795998872921946,22227.655601156624,3405.305700197917,90674.37268692855,111184.2375701855,13891.431634229608,17033.56956593347
35826155,590.0,20,1.0,0.40795998872921946,21903.371794871793,53690.0,90350.08888064371,110859.95376390067,221468.01494450707,271742.22185176885
35912580,327.8157894736842,38,1.0,0.40795998872921946,12169.95104588394,29831.236842105263,80616.66813165585,101126.53301491281,197609.25178661232,247883.4586938741
35934720,500.0,10,1.0,0.40795998872921946,18562.179487179485,45500.0,87008.8965729514,107518.76145620836,213278.01494450707,263552.22185176885
36032020,473.52941176470586,17,1.0,0.40795998872921946,17579.475867269983,43091.17647058823,86026.1929530419,106536.05783629886,210869.1914150953,261143.39832235707
36632832,537.7357142857143,70,0.8125,0.40795998872921946,19963.093690476187,39758.834375,88409.81077624811,108919.67565950507,176078.471517412,216926.26462956218
36908385,629.4736842105264,19,1.0,0.40795998872921946,23368.80701754386,57282.1052631579,91815.52410331578,112325.38898657274,225060.12020766496,275334.32711492677
37118794,1000.0,62,1.0,0.40795998872921946,37124.35897435897,91000.0,105571.07606013089,126080.94094338785,258778.01494450707,309052.22185176885
37153670,386.8018867924528,53,0.625,0.40795998872921946,14359.77209724238,21999.357311320753,82806.4891830143,103316.35406627126,126860.61665163767,158281.9959686763
37347085,494.52272727272725,88,0.1875,0.40795998872921946,18358.839248251745,8437.794034090908,86805.55633402365,107315.42121728061,39896.17183618598,49322.58563129757
37487828,449.7674418604651,43,0.75,0.40795998872921946,16697.327966607038,30696.627906976748,85144.04505237896,105653.90993563592,156530.13911535707,194235.79429580335
37494985,843.4493683544305,79,0.75,0.40795998872921946,31312.517127486204,57565.419390189876,99759.23421325813,120269.09909651508,183398.93059857018,221104.5857790165
37708447,655.025641025641,39,1.0,0.40795998872921946,24317.40703484549,59607.33333333333,92764.1241206174,113273.98900387436,227385.3482778404,277659.55518510216
37989675,418.4761904761905,63,0.9375,0.40795998872921946,15535.660317460317,35701.25,83982.37740323224,104492.2422864892,192993.13901047537,240125.2079860333
38262480,1200.0,24,0.875,0.40795998872921946,44549.230769230766,95550.0,112995.94785500268,133505.81273825964,242355.7630764437,286345.69412029773
38319706,526.902953164557,79,0.625,0.40795998872921946,19560.934377930862,29967.605461234176,88007.65146370279,108517.51634695975,134828.8648015511,166250.2441185897
38447436,995.7362637362637,91,0.0,0.40795998872921946,36966.070498732035,0.0,105412.78758450395,125922.65246776091,0.0,0.0
38514587,857.3601844444444,90,0.0625,0.40795998872921946,31828.947257638167,4876.236049027777,100275.66434341008,120785.52922666704,15362.361983059469,18504.499914763328
38638326,627.6333338461538,65,0.625,0.40795998872921946,23300.485189978303,35696.6458625,91747.20227575023,112257.06715900719,140557.9052028169,171979.28451985554
38693604,483.3333333333333,54,0.875,0.40795998872921946,17943.440170940168,38485.416666666664,86390.15725671209,106900.02213996905,185291.17974311035,229281.1107869644
38695314,564.6037735849056,53,1.0,0.40795998872921946,20960.553168843733,51378.943396226416,89407.27025461565,109917.13513787261,219156.9583407335,269431.1652479953
38730549,740.625,64,0.8125,0.40795998872921946,27495.228365384613,54759.9609375,95941.94545115653,116451.81033441349,191079.598079912,231927.39119206218
38800430,503.84615384615387,13,1.0,0.40795998872921946,18704.96548323471,45850.0,87151.68256900663,107661.54745226359,213628.01494450707,263902.22185176885
38852725,494.8709677419355,62,0.5625,0.40795998872921946,18371.76745244003,25331.207661290322,86818.48453821195,107328.34942146891,119706.34106757554,147985.5824529103
38899673,544.0149564102563,78,0.1875,0.40795998872921946,20196.206529194606,9282.25519375,88642.92361496652,109152.78849822348,40740.63299584508,50167.04679095665
38957661,483.72093023255815,43,0.875,0.40795998872921946,17957.82945736434,38516.27906976744,86404.54654313625,106914.41142639321,185322.04214621114,229311.97319006518
38980085,859.5324675324675,77,0.875,0.40795998872921946,31909.59187479187,68440.27272727272,100356.3089605638,120866.17384382075,215246.0358037164,259235.96684757044
38998610,195.0,68,0.375,0.40795998872921946,7239.249999999999,6654.375,75685.96708577192,96195.83196902888,69571.13060419016,88423.95819441331
39007372,1100.0,88,0.1875,0.40795998872921946,40836.79487179487,18768.75,109283.51195756678,129793.37684082374,50227.12780209508,59653.541597206655
39051477,1538.0146527472527,91,0.0,0.40795998872921946,57097.80807641307,0.0,125544.52516218499,146054.39004544195,0.0,0.0
39109062,1485.1351351351352,74,0.8125,0.40795998872921946,55134.68988218988,109807.17905405407,123581.4069679618,144091.27185121877,246126.81619646604,286974.60930861626
39145712,751.8947368421053,19,1.0,0.40795998872921946,27913.610121457492,68422.42105263159,96360.3272072294,116870.19209048637,236200.43599713867,286474.6429044004
39316910,684.0,15,1.0,0.40795998872921946,25393.061538461538,62244.0,93839.77862423346,114349.64350749041,230022.01494450707,280296.22185176885
39363955,397.4149122807018,57,0.875,0.40795998872921946,14753.773865272156,31644.162390350884,83200.49095104408,103710.35583430104,178449.92546679458,222439.85651064862
39394644,726.2739698630137,73,1.0,0.40795998872921946,26962.45557092729,66090.93125753425,95409.1726566992,115919.03753995616,233868.94620204132,284143.1531093031
39414948,561.8852459016393,61,0.875,0.40795998872921946,20859.629571248424,44740.112704918036,89306.34665702035,109816.2115402773,191545.8757813617,235535.80682521575
39420557,798.4848484848485,33,0.4375,0.40795998872921946,29643.23815073815,31789.678030303032,98089.95523651007,118599.82011976703,105192.55956852488,127187.5250904519
39507664,533.4358974358975,39,1.0,0.40795998872921946,19803.465746219594,48542.66666666667,88250.18283199151,108760.04771524847,216320.68161117373,266594.88851843553
39583346,545.0,50,0.4375,0.40795998872921946,20232.77564102564,21697.8125,88679.49272679756,109189.35761005452,95100.69403822185,117095.65956014887
39629644,410.47058823529414,17,1.0,0.40795998872921946,15238.457466063348,37352.82352941177,83685.17455183527,104195.03943509223,205130.83847391885,255405.04538118062
39635217,423.065625,16,0.875,0.40795998872921946,15706.040132211538,33686.600390625004,84152.75721798345,104662.62210124041,180492.3634670687,224482.29451092274
39685785,529.8991414705882,68,1.0,0.40795998872921946,19672.165948158745,48220.82187382353,88118.88303393066,108628.74791718762,215998.8368183306,266273.0437255924
39715668,225.10714285714286,56,0.875,0.40795998872921946,8356.958379120879,17924.15625,76803.67546489279,97313.54034814975,164729.9193264437,208719.85037029773
39745810,2352.5782516853933,89,0.125,0.40795998872921946,87337.95953083837,26760.57761292135,155784.6766166103,176294.54149986725,47732.82948098473,54017.105344392454
39972515,337.7118644067797,59,1.0,0.40795998872921946,12537.336484137331,30731.77966101695,80984.05356990924,101493.9184531662,198509.79460552402,248784.0015127858
40023421,456.5194805194805,77,0.875,0.40795998872921946,16947.993073593072,36350.36363636364,85394.71015936499,105904.57504262195,183156.12671280734,227146.05775666138
40039627,308.32835820895525,67,0.6875,0.40795998872921946,11446.492652123994,19289.792910447763,79893.20973789592,100403.07462115287,134637.17818479636,169200.69543353884
40209404,327.6666666666667,69,0.875,0.40795998872921946,12164.414957264957,26090.458333333336,80611.13204303688,101120.99692629384,172896.22140977703,216886.15245363108
40246675,328.70454545454544,44,1.0,0.40795998872921946,12202.94554195804,29912.113636363636,80649.66262772997,101159.52751098693,197690.12858087072,247964.3354881325
40250642,833.7860686567163,67,0.25,0.40795998872921946,30953.773320631455,18968.633061940298,99400.49040640338,119910.35528966034,60913.13679806706,73481.68852488251
40289385,2586.3951612903224,62,0.75,0.40795998872921946,96018.262417287,176521.4697580645,164464.97950305892,184974.84438631588,302354.9809664448,340060.6361468911
40320100,783.2199986666667,75,0.875,0.40795998872921946,29076.54038639829,62363.89239383334,97523.25747217021,118033.12235542717,209169.65547027704,253159.58651413108
40342798,657.2222222222222,81,0.625,0.40795998872921946,24398.9537037037,37379.51388888889,92845.67078947561,113355.53567273257,142240.7732292058,173662.15254624444
40351988,347.53846153846155,52,1.0,0.40795998872921946,12902.142603550295,31626.0,81348.85968932221,101858.72457257917,199404.01494450707,249678.22185176885
40371384,556.4562999999999,82,0.375,0.40795998872921946,20658.083434743585,18989.071237499997,89104.8005205155,109614.66540377247,81905.82684169016,100758.65443191331
40391575,10000.0,7,1.0,0.40795998872921946,371243.5897435897,910000.0,439690.3068293616,460200.17171261855,1077778.014944507,1128052.221851769
40449599,544.470429032258,62,1.0,0.40795998872921946,20213.11565831679,49546.809041935485,88659.83274408871,109169.69762734567,217324.82398644256,267599.03089370433
40532740,309.625,40,1.0,0.40795998872921946,11494.629647435897,28175.875,79941.34673320781,100451.21161646477,195953.88994450707,246228.09685176885
40560834,669.9383561643835,73,0.625,0.40795998872921946,24871.03202493853,38102.744006849316,93317.74911071044,113827.6139939674,142964.00334716623,174385.38266420487
40576710,541.5254237288135,59,0.8125,0.40795998872921946,20103.78422425032,40039.03601694915,88550.50131002224,109060.3661932792,176358.67315936112,217206.46627151134
40777141,1508.0,4,1.0,0.40795998872921946,55983.533333333326,137228.0,124430.25041910524,144940.1153023622,305006.01494450704,355280.22185176885
40892344,408.3636363636364,55,1.0,0.40795998872921946,15160.238228438227,37161.09090909091,83606.95531421015,104116.82019746711,204939.10585359798,255213.31276085976
40910065,604.7113636363637,88,0.125,0.40795998872921946,22449.52173951049,6878.591761363637,90896.2388252824,111406.10370853936,27850.84362942702,34135.11949283474
40971559,727.6,30,0.5625,0.40795998872921946,27011.68358974359,37244.025,95458.4006755155,115968.26555877246,131619.15840628522,159898.39979161997
41141790,697.248717948718,39,0.6875,0.40795998872921946,25884.911699539774,43621.62291666667,94331.6287853117,114841.49366856866,158969.00819101528,193532.52543975777
41147466,520.0,45,1.0,0.40795998872921946,19304.666666666664,47320.0,87751.38375243859,108261.24863569555,215098.01494450707,265372.22185176885
41193865,405.8,50,0.8125,0.40795998872921946,15065.064871794872,30003.8375,83511.7819575668,104021.64684082376,166323.47464241198,207171.26775456217
41227471,638.0555555555555,72,1.0,0.40795998872921946,23687.403490028486,58063.055555555555,92134.1205758004,112643.98545905737,225841.07050006263,276115.2774073244
41260111,1799.6010831168828,77,0.5,0.40795998872921946,66809.03662027637,81881.84928181817,135255.7537060483,155765.61858930526,165770.85675407172,190907.9602077026
41270247,605.266665,20,1.0,0.40795998872921946,22470.136946673072,55079.266514999996,90916.85403244499,111426.71891570195,222857.28145950707,273131.4883667688
41285546,610.2099156962025,79,0.1875,0.40795998872921946,22653.651960019146,10411.706686566455,91100.36904579107,111610.23392904803,41870.08448866153,51296.49828377311
41404141,700.6999999999999,68,1.0,0.40795998872921946,26013.03833333333,63763.7,94459.75541910525,114969.62030236221,231541.71494450705,281815.92185176886
41473656,714.1529,23,1.0,0.40795998872921946,26512.468622179487,64987.91390000001,94959.1857079514,115469.05059120836,232765.92884450709,283040.13575176883
41478160,488.51724137931035,29,0.625,0.40795998872921946,18135.889434129087,27784.418103448275,86582.606519901,107092.47140315796,132645.6774437652,164067.0567608038
41493620,774.4025758620689,87,0.25,0.40795998872921946,28749.199216971705,17617.65860086207,97195.91630274363,117705.78118600059,59562.16233698884,72130.71406380428
41532894,761.9497278688525,61,0.125,0.40795998872921946,28286.89521781841,8667.178154508198,96733.61230359033,117243.47718684729,29639.43002257158,35923.7058859793
41590719,392.2692307692308,65,0.5,0.40795998872921946,14562.743737672583,17848.25,83009.4608234445,103519.32570670146,101737.25747225354,126874.36092588442
41676390,608.0055544444444,90,0.0625,0.40795998872921946,22571.816461599712,3458.0315909027777,91018.53354737163,111528.39843062859,13944.15752493447,17086.29545663833
41682475,469.7674418604651,43,0.625,0.40795998872921946,17439.815146094214,26718.023255813954,85886.53223186613,106396.3971151231,131579.28259613086,163000.6619131695
41686810,95.42372881355932,59,1.0,0.40795998872921946,3542.5447631464576,8683.559322033898,71989.26184891838,92499.12673217534,176461.57426654096,226735.78117380274
41702158,1217.6470588235295,34,1.0,0.40795998872921946,45204.36651583711,110805.88235294119,113651.08360160902,134160.94848486598,278583.89729744825,328858.10420471005
41761142,334.70588235294116,34,1.0,0.40795998872921946,12425.74132730015,30458.235294117647,80872.45841307206,101382.32329632902,198236.25023862472,248510.4571458865
41762297,1661.3636363636363,77,0.4375,0.40795998872921946,61677.06002331002,66143.03977272728,130123.77710908194,150633.6419923389,139545.92131094914,161540.88683287613
41769298,1095.8958333333333,48,0.75,0.40795998872921946,40684.43031517093,74794.890625,109131.14740094285,129641.01228419981,200628.4018333803,238334.05701382662
41786765,250.0,13,1.0,0.40795998872921946,9281.089743589742,22750.0,77727.80682936165,98237.67171261861,190528.01494450707,240802.22185176885
41883230,535.4716981132076,53,0.9375,0.40795998872921946,19879.043541364295,45682.42924528302,88325.76062713622,108835.62551039318,202974.31825575838,250106.3872313163
41888100,552.9491448717949,78,0.5625,0.40795998872921946,20527.88254878534,28304.084353125003,88974.59963455726,109484.46451781422,122679.21775941022,150958.459144745
42003334,633.0792344262295,61,1.0,0.40795998872921946,23502.660758051697,57610.21033278688,91949.37784382362,112459.24272708058,225388.22527729394,275662.43218455574
42270655,517.2512872972973,74,0.8125,0.40795998872921946,19202.622469574148,38244.26705454392,87649.33955534606,108159.20443860302,174563.9041969559,215411.6973091061
42335961,456.5357142857143,56,0.75,0.40795998872921946,16948.59574175824,31158.5625,85395.31282753016,105905.17771078712,156992.0737083803,194697.72888882662
42362925,999.5579710144928,69,0.5625,0.40795998872921946,37107.948931623934,51164.87364130435,105554.66601739585,126064.53090065281,145540.00704758958,173819.24843292433
42588365,414.5620153488372,43,1.0,0.40795998872921946,15390.349074943946,37725.143396744184,83837.06616071587,104346.93104397283,205503.15834125126,255777.36524851303
42625075,1055.5818965517242,58,0.9375,0.40795998872921946,39187.80125442086,90054.33054956897,107634.51834019278,128144.38322344974,247346.21956004435,294478.2885356023
42704327,1113.9934210526317,76,0.1875,0.40795998872921946,41356.29165823212,19007.512746710527,109803.00874400404,130312.873627261,50465.890548805604,59892.30434391718
42709234,675.8192771084338,83,0.5,0.40795998872921946,25089.357445165275,30749.777108433736,93536.07453093719,114045.93941419414,114638.78458068726,139775.88803431817
42735835,227.0,11,0.8125,0.40795998872921946,8427.229487179486,16783.8125,76873.9465729514,97383.81145620836,153103.449642412,193951.24275456218
42841323,413.9117647058824,17,1.0,0.40795998872921946,15366.208936651583,37665.970588235294,83812.9260224235,104322.79090568046,205443.98553274237,255718.19244000415
43379132,413.0769230769231,26,0.8125,0.40795998872921946,15335.21597633136,30541.875,83781.93306210327,104291.79794536023,166861.512142412,207709.30525456218
43499385,595.5942028985507,69,0.6875,0.40795998872921946,22111.05299145299,37261.86231884058,90557.77007722491,111067.63496048187,152609.24759318918,187172.76484193167
43712530,601.0,21,1.0,0.40795998872921946,22311.73974358974,54691.0,90758.45682936166,111268.32171261862,222469.01494450707,272743.22185176885
43754654,951.4876543209876,81,0.1875,0.40795998872921946,35323.369238683124,16234.75810185185,103770.08632445504,124279.951207712,47693.135903946924,57119.54969905851
44153810,188.375,48,1.0,0.40795998872921946,6993.3011217948715,17142.125,75440.01820756678,95949.88309082374,184920.13994450707,235194.34685176885
44369632,705.0,9,0.875,0.40795998872921946,26172.673076923074,56135.625,94619.390162695,115129.25504595196,202941.3880764437,246931.31912029773
44425260,496.6181818181819,66,0.8125,0.40795998872921946,18436.631655011657,36718.706818181825,86883.34874078358,107393.21362404054,173038.3439605938,213886.137072744
44890294,1000.0,2,1.0,0.40795998872921946,37124.35897435897,91000.0,105571.07606013089,126080.94094338785,258778.01494450707,309052.22185176885
44895797,703.0769230769231,13,0.6875,0.40795998872921946,26101.28007889546,43986.25,94547.99716466738,115057.86204792434,159333.6352743486,193897.1525230911
45002455,380.7692307692308,26,1.0,0.40795998872921946,14135.813609467454,34650.0,82582.53069523937,103092.39557849633,202428.01494450707,252702.22185176885
45350304,706.506329113924,79,0.75,0.40795998872921946,26228.594579681918,48219.056962025315,94675.31166545383,115185.17654871079,174052.56817040563,211758.22335085194
45480718,200.0,5,1.0,0.40795998872921946,7424.871794871794,18200.0,75871.58888064371,96381.45376390067,185978.01494450707,236252.22185176885
45513430,782.9213483146067,89,0.125,0.40795998872921946,29065.453183520593,8905.73033707865,97512.17026929252,118022.03515254948,29877.982205142034,36162.25806854975
45531969,669.2307692307693,26,1.0,0.40795998872921946,24844.763313609466,60900.00000000001,93291.48039938138,113801.34528263834,228678.01494450707,278952.22185176885
45621607,331.2382628169014,71,0.75,0.40795998872921946,12297.008174857709,22607.01143725352,80743.72526062962,101253.59014388658,148440.52264563384,186146.17782608015
45687710,419.45569620253167,79,0.75,0.40795998872921946,15572.023839662448,28627.85126582279,84018.74092543437,104528.60580869133,154461.3624742031,192167.01765464942
45711835,850.0,3,1.0,0.40795998872921946,31555.705128205125,77350.0,100002.42221397704,120512.287097234,245128.01494450707,295402.22185176885
45726200,1423.4302325581396,43,1.0,0.40795998872921946,52843.93492844365,129532.1511627907,121290.65201421556,141800.51689747252,297310.16610729776,347584.37301455956
45768161,624.6478873239437,71,0.625,0.40795998872921946,23189.65240158902,35526.84859154929,91636.36948736093,112146.2343706179,140388.1079318662,171809.48724890483
45780750,850.0,12,1.0,0.40795998872921946,31555.705128205125,77350.0,100002.42221397704,120512.287097234,245128.01494450707,295402.22185176885
45803876,540.5277777777778,54,0.625,0.40795998872921946,20066.74725783476,30742.517361111113,88513.46434360667,109023.32922686363,135603.77670142803,167025.15601846666
45822839,427.45762711864404,59,1.0,0.40795998872921946,15869.090395480223,38898.64406779661,84315.80748125214,104825.6723645091,206676.6590123037,256950.86591956546
45889892,615.6896551724138,58,1.0,0.40795998872921946,22857.083775419982,56027.75862068966,91303.8008611919,111813.66574444887,223805.77356519672,274079.9804724585
45911573,914.2857142857143,21,1.0,0.40795998872921946,33942.27106227106,83200.0,102388.98814804298,122898.85303129994,250978.01494450707,301252.22185176885
45911990,1022.3888666666667,3,0.8125,0.40795998872921946,37955.53129752137,75592.87682916666,106402.24838329328,126912.11326655024,211912.51397157865,252760.30708372884
45923984,371.625,28,1.0,0.40795998872921946,13796.339903846152,33817.875,82243.05698961807,102752.92187287503,201595.88994450707,251870.09685176885
45973790,631.0593896551724,87,0.25,0.40795998872921946,23427.675315698492,14356.601114655172,91874.39240147041,112384.25728472737,56301.104850781936,68869.65657759739
46036384,346.3818181818182,55,0.75,0.40795998872921946,12859.202960372959,23640.55909090909,81305.92004614488,101815.78492940184,149474.0702992894,187179.7254797357
46048925,939.9260521126761,71,1.0,0.40795998872921946,34894.15216798302,85533.27074225352,103340.86925375494,123850.7341370119,253311.2856867606,303585.49259402236
46072703,696.2948717948718,39,1.0,0.40795998872921946,25849.50077251808,63362.833333333336,94296.21785829,114806.08274154695,231140.8482778404,281415.05518510216
46088002,648.0,43,1.0,0.40795998872921946,24056.584615384614,58968.0,92503.30170115654,113013.1665844135,226746.01494450707,277020.22185176885
46116173,393.57142857142856,28,1.0,0.40795998872921946,14611.086996336995,35815.0,83057.80408210891,103567.66896536587,203593.01494450707,253867.22185176885
46220279,628.25,62,0.5625,0.40795998872921946,23323.378525641023,32158.546875,91770.09561141294,112279.9604946699,126533.68028128523,154812.92166661998
46222390,483.32876712328766,73,0.625,0.40795998872921946,17943.270653319283,27489.323630136987,86389.9877390912,106899.85262234816,132350.5829704539,163771.96228749253
46298558,679.68,50,0.8125,0.40795998872921946,25232.684307692303,50253.84,93679.40139346421,114189.26627672117,186573.47714241198,227421.27025456217
46327705,1003.4833350000001,40,1.0,0.40795998872921946,37253.675553326924,91316.983485,105700.39263909883,126210.2575223558,259094.99842950708,309369.2053367689
46451253,575.6549295774648,71,0.9375,0.40795998872921946,21370.82025099314,49110.56117957747,89817.53733676506,110327.40222002202,206402.45019005283,253534.51916561075
46530405,1069.0230939759037,83,0.375,0.40795998872921946,39686.79709264133,36480.41308192771,108133.51417841326,128643.37906167022,99397.16868611786,118249.99627634103
46550767,757.4468085106383,47,0.75,0.40795998872921946,28119.727223131475,51695.74468085106,96566.44430890339,117076.30919216035,177529.25588923137,215234.91106967768
46598066,1027.218468918919,74,0.9375,0.40795998872921946,38134.82718523735,87634.57562964527,106581.54427100928,127091.40915426624,244926.46464012063,292058.53361567855
46604700,350.73754781609193,87,0.25,0.40795998872921946,13020.906630910991,7979.279212816092,81467.62371668291,101977.48859993987,49923.78294894286,62492.334675758306
46678933,729.2207792207793,77,0.875,0.40795998872921946,27071.85397935398,58064.204545454544,95518.5710651259,116028.43594838286,204869.96762189822,248859.89866575226
46704215,583.6955909090909,11,0.875,0.40795998872921946,21669.324648659673,46476.76142613637,90116.0417344316,110625.90661768855,193282.52450258005,237272.4555464341
46710652,595.5223880597015,67,0.875,0.40795998872921946,22108.386911595862,47418.47014925373,90555.10399736778,111064.96888062474,194224.23322569742,238214.16426955146
46724379,348.68461538461537,65,0.875,0.40795998872921946,12944.692830374752,27764.0125,81391.40991614667,101901.27479940363,174569.7755764437,218559.70662029774
46755580,300.0,58,0.8125,0.40795998872921946,11137.307692307691,22181.25,79584.0247780796,100093.88966133657,158500.887142412,199348.68025456218
46769078,812.1751050632911,79,0.0625,0.40795998872921946,30151.48015040733,4619.245910047468,98598.19723617924,119108.0621194362,15105.37184407916,18247.509775783023
46866680,470.4237288135593,59,0.8125,0.40795998872921946,17464.179378531073,34781.954449152545,85910.89646430299,106420.76134755995,171101.59159156453,211949.38470371472
46878566,498.2,75,0.5625,0.40795998872921946,18495.35564102564,25501.6125,86942.07272679756,107451.93761005452,119876.74590628523,148155.98729161997
46896012,599.4642857142857,56,1.0,0.40795998872921946,22254.72733516483,54551.24999999999,90701.44442093675,111211.30930419371,222329.26494450707,272603.47185176885
46936020,398.24074074074076,54,0.4375,0.40795998872921946,14784.432217473883,15854.95949074074,83231.1493032458,103741.01418650275,89257.84102896259,111252.80655088961
46990438,530.925925925926,54,0.6875,0.40795998872921946,19710.284662867994,33216.053240740745,88157.00174863992,108666.86663189688,148563.43851508934,183126.95576383185
47000276,582.8571428571429,42,1.0,0.40795998872921946,21638.1978021978,53040.0,90084.91488796972,110594.77977122668,220818.01494450707,271092.22185176885
47006355,670.7631578947369,38,0.5625,0.40795998872921946,24901.65226045884,34334.68914473684,93348.36934623076,113858.23422948772,128709.82255102207,156989.0639363568
47052262,443.46078441176473,68,0.4375,0.40795998872921946,16463.197351553164,17655.282479393383,84909.91443732509,105419.77932058205,91058.16401761523,113053.12953954225
47172145,585.6499983333334,60,1.0,0.40795998872921946,21741.880771459404,53294.14984833334,90188.59785723132,110698.46274048828,221072.16479284043,271346.3717001022
47213093,290.5,22,1.0,0.40795998872921946,10784.62628205128,26435.5,79231.3433678232,99741.20825108016,194213.51494450707,244487.72185176885
47232230,1001.0,15,1.0,0.40795998872921946,37161.48333333333,91091.0,105608.20041910524,126118.0653023622,258869.01494450707,309143.22185176885
47254288,490.2985074626866,67,1.0,0.40795998872921946,18202.0177956372,44617.16417910448,86648.73488140912,107158.59976466608,212395.17912361154,262669.38603087334
47260862,503.09090909090907,44,0.6875,0.40795998872921946,18676.927505827505,31474.625,87123.64459159943,107633.50947485639,146822.0102743486,181385.5275230911
47269826,603.0,12,1.0,0.40795998872921946,22385.988461538458,54873.0,90832.70554731038,111342.57043056734,222651.01494450707,272925.22185176885
47325492,626.8532012658228,79,0.5,0.40795998872921946,23271.5232680185,28521.820657594937,91718.24035379042,112228.10523704738,112410.82812984847,137547.93158347937
47326216,1107.7922077922078,77,0.5,0.40795998872921946,41126.07559107559,50404.545454545456,109572.79267684752,130082.65756010448,134293.552926799,159430.65638042986
47402735,462.0257575757576,66,0.625,0.40795998872921946,17152.410079642577,26277.714962121212,85599.1271654145,106108.99204867145,131138.97430243812,162560.35361947675
47543180,237.82894736842104,38,1.0,0.40795998872921946,8829.247216599188,21642.434210526313,77275.96430237111,97785.82918562807,189420.4491550334,239694.65606229517
47558531,755.6139534883721,86,0.0625,0.40795998872921946,28051.68365533691,4297.554360465117,96498.40074110882,117008.26562436578,14783.680294496808,17925.81822620067
47783121,426.42036977777775,45,1.0,0.40795998872921946,15830.582881609114,38804.25364977778,84277.29996738103,104787.16485063799,206582.26859428483,256856.47550154664
47802450,209.9655172413793,29,1.0,0.40795998872921946,7794.835234305923,19106.862068965518,76241.55232007784,96751.4172033348,186884.87701347258,237159.08392073435
47891397,497.15225578947366,76,0.9375,0.40795998872921946,18456.45880884075,42413.301822039466,86903.17589461266,107413.04077786962,199705.19083251484,246837.25980807276
47909482,877.834821875,64,1.0,0.40795998872921946,32589.055047479967,79882.968790625,101035.77213325188,121545.63701650884,247660.9837351321,297935.19064239383
48080102,400.3333333333333,36,1.0,0.40795998872921946,14862.118376068373,36430.33333333333,83308.8354618403,103818.70034509726,204208.3482778404,254482.55518510216
48109229,546.054794520548,73,1.0,0.40795998872921946,20271.934211450647,49690.98630136986,88718.65129722256,109228.51618047952,217469.00124587695,267743.2081531387
48158176,364.5402296551724,29,1.0,0.40795998872921946,13533.322346313882,33173.16089862069,81980.0394320858,102489.90431534276,200951.17584312777,251225.38275038954
48243472,1154.7604166666667,48,0.8125,0.40795998872921946,42869.740237713675,85380.09830729167,111316.45732348559,131826.32220674254,221699.73544970364,262547.52856185386
48254075,509.0,11,1.0,0.40795998872921946,18896.298717948717,46319.0,87343.01580372063,107852.88068697759,214097.01494450707,264371.22185176885
48624860,271.42857142857144,14,1.0,0.40795998872921946,10076.61172161172,24700.0,78523.32880738363,99033.19369064059,192478.01494450707,242752.22185176885
48699117,404.1025641025641,39,1.0,0.40795998872921946,15002.048652202495,36773.33333333333,83448.7657379744,103958.63062123136,204551.3482778404,254825.55518510216
48848529,943.3589743589744,78,0.25,0.40795998872921946,35021.59720578566,21461.416666666668,103468.31429155759,123978.17917481455,63405.92040279343,75974.47212960888
48941838,402.6829268292683,41,1.0,0.40795998872921946,14949.345528455282,36644.14634146341,83396.0626142272,103905.92749748415,204422.16128597048,254696.36819323225
49050392,741.304347826087,46,1.0,0.40795998872921946,27520.44871794872,67458.69565217392,95967.16580372064,116477.0306869776,235236.710596681,285510.91750394274
49123621,751.6666666666666,75,0.25,0.40795998872921946,27905.143162393157,17100.416666666664,96351.86024816507,116861.72513142203,59044.92040279343,71613.47212960888
49369605,207.033333,10,1.0,0.40795998872921946,7685.979773949999,18840.033303,76132.69685972191,96642.56174297887,186618.04824750707,236892.25515476885
49824103,459.43589743589746,39,1.0,0.40795998872921946,17056.26318211703,41808.66666666667,85502.98026788895,106012.84515114591,209586.68161117373,259860.88851843553
49968308,800.0,7,0.875,0.40795998872921946,29699.487179487176,63700.0,98146.20426525909,118656.06914851605,210505.7630764437,254495.69412029773
50047341,298.44827586206895,29,1.0,0.40795998872921946,11079.70092838196,27158.793103448275,79526.41801415388,100036.28289741084,194936.80804795533,245211.01495521714
50059423,405.55555555555554,27,1.0,0.40795998872921946,15055.990028490027,36905.555555555555,83502.70711426194,104012.5719975189,204683.57050006263,254957.7774073244
50561328,1209.0,10,1.0,0.40795998872921946,44883.35,110019.0,113330.06708577191,133839.93196902887,277797.01494450704,328071.22185176885
50958684,989.6565666666667,66,0.875,0.40795998872921946,36740.36564226496,78801.40412083334,105187.08272803688,125696.94761129384,225607.167197277,269597.09824113105
51405106,863.722972972973,74,0.75,0.40795998872921946,32065.1617030492,58949.092905405414,100511.87878882112,121021.74367207808,184782.60411378572,222488.25929423203
51453135,539.0909090909091,55,0.8125,0.40795998872921946,20013.40442890443,39859.03409090909,88460.12151467634,108969.9863979333,176178.67123332107,217026.46434547126
51669111,702.8160908045977,87,0.1875,0.40795998872921946,26091.59684798556,11991.799549353449,94538.31393375748,115048.17881701444,43450.177351448525,52876.5911465601
51683537,435.7142857142857,28,1.0,0.40795998872921946,16175.613553113551,39650.0,84622.33063888547,105132.19552214243,207428.01494450707,257702.22185176885
51785337,313.07142857142856,56,1.0,0.40795998872921946,11622.576098901098,28489.5,80069.29318467302,100579.15806792998,196267.51494450707,246541.72185176885
51825638,657.418918918919,74,0.4375,0.40795998872921946,24406.25594248094,26173.49070945946,92852.97302825286,113362.83791150982,99576.37224768131,121571.33776960833
51861410,700.0,18,0.8125,0.40795998872921946,25987.05128205128,51756.25,94433.7683678232,114943.63325108016,188075.887142412,228923.68025456218
51866473,496.6037044444445,45,1.0,0.40795998872921946,18436.094191792025,45190.93710444445,86882.81127756395,107392.6761608209,212968.95204895153,263243.1589562133
52059007,1004.0501096385543,83,0.5,0.40795998872921946,37274.71669846617,45684.27998855422,105721.43378423809,126231.29866749505,129573.28746080775,154710.39091443864
52172003,317.0,42,1.0,0.40795998872921946,11768.421794871794,28847.0,80215.13888064372,100725.00376390068,196625.01494450707,246899.22185176885
52214716,1490.0350842105263,76,0.0625,0.40795998872921946,55316.597350620774,8474.574541447368,123763.31443639268,144273.17931964964,18960.70047547906,22102.83840718292
52266549,572.7272727272727,55,0.875,0.40795998872921946,21262.132867132867,45603.409090909096,89708.84995290478,110218.71483616174,192409.17216735278,236399.10321120682
52346232,689.8421052631579,57,0.625,0.40795998872921946,25609.945951417005,39234.76973684211,94056.66303718892,114566.52792044588,144096.029077159,175517.40839419764
52348108,530.2325581395348,43,1.0,0.40795998872921946,19684.543828264756,48251.16279069767,88131.26091403667,108641.12579729363,216029.17773520475,266303.3846424665
52354467,510.5882352941176,51,1.0,0.40795998872921946,18955.260935143287,46463.529411764706,87401.97802091521,107911.84290417217,214241.54435627177,264515.75126353354
52365560,324.53333333333336,75,1.0,0.40795998872921946,12048.091965811966,29532.533333333336,80494.80905158388,101004.67393484084,197310.5482778404,247584.75518510217
52474050,780.0,22,0.5625,0.40795998872921946,28956.999999999996,39926.25,97403.71708577192,117913.58196902888,134301.38340628523,162580.62479161998
52530322,472.97297297297297,74,0.8125,0.40795998872921946,17558.818433818433,34970.43918918919,86005.53551959035,106515.40040284731,171290.0763316012,212137.86944375135
52536443,379.2307692307692,26,1.0,0.40795998872921946,14078.699211045363,34510.0,82525.41629681727,103035.28118007423,202288.01494450707,252562.22185176885
52596621,757.3880952380953,84,0.4375,0.40795998872921946,28117.547530525026,30153.513541666667,96564.26461629695,117074.1294995539,103556.39507988852,125551.36060181554
52619006,488.60526315789474,38,0.9375,0.40795998872921946,18139.157186234817,41684.13651315789,86585.87427200674,107095.7391552637,198976.02552363326,246108.09449919118
52627650,356.9583333333333,12,0.25,0.40795998872921946,13251.849305555554,8120.802083333333,81698.56639132748,102208.43127458444,50065.3058194601,62633.85754627555
52646204,965.0151515151515,66,0.9375,0.40795998872921946,35825.5689005439,82327.85511363635,104272.28598631581,124782.15086957277,239619.74412411172,286751.81309966964
52650644,661.875,64,1.0,0.40795998872921946,24571.685096153844,60230.625,93018.40218192576,113528.26706518272,228008.63994450707,278282.84685176885
52670832,477.2307692307692,13,1.0,0.40795998872921946,17716.88639053254,43428.0,86163.60347630446,106673.46835956142,211206.01494450707,261480.22185176885
52758042,2897.3595505617977,89,0.125,0.40795998872921946,107562.61603284354,32957.464887640446,176009.33311861544,196519.1980018724,53929.716755703834,60213.99261911155
52826190,321.6885963157895,38,1.0,0.40795998872921946,11942.482927585019,29273.662264736842,80389.20001335694,100899.0648966139,197051.6772092439,247325.88411650568
52969803,346.1475409836066,61,0.8125,0.40795998872921946,12850.505569567043,25593.28381147541,81297.22265533896,101807.08753859592,161912.9209538874,202760.7140660376
53008127,329.4117647058824,51,1.0,0.40795998872921946,12229.20060331825,29976.470588235297,80675.91768909017,101185.78257234713,197754.48553274237,248028.69244000415
53077335,1000.0,11,1.0,0.40795998872921946,37124.35897435897,91000.0,105571.07606013089,126080.94094338785,258778.01494450707,309052.22185176885
53113087,519.84028,48,0.625,0.40795998872921946,19298.73716405128,29565.915925,87745.4542498232,108255.31913308016,134427.1752653169,165848.55458235554
53133732,769.1111111111111,72,1.0,0.40795998872921946,28552.756980056976,69989.11111111111,96999.4740658289,117509.33894908585,237767.12605561817,288041.33296287997
53154219,616.0527430379747,79,0.75,0.40795998872921946,22870.563179680295,42045.59971234178,91317.28026545221,111827.14514870917,167879.11092072207,205584.7661011684
53175731,1012.3333333333334,90,0.0625,0.40795998872921946,37582.22606837607,5757.645833333334,106028.94315414799,126538.80803740495,16243.771767365026,19385.909699068885
53190433,820.5128205128206,39,0.6875,0.40795998872921946,30461.012491781723,51333.333333333336,98907.72957755363,119417.5944608106,166680.71860768195,201244.23585642444
53195241,1835.121951219512,82,0.5625,0.40795998872921946,68127.72607879924,93935.30487804879,136574.44316457116,157084.30804782812,188310.43828433403,216589.67966966878
53240300,1004.066668,75,0.625,0.40795998872921946,37275.33141702051,57106.291742500005,105722.04850279243,126231.91338604939,161967.5510828169,193388.93039985554
53280496,382.70987629629633,27,1.0,0.40795998872921946,14207.858830656221,34826.59874296297,82654.57591642813,103164.4407996851,202604.61368747003,252878.8205947318
53314692,728.8050320754717,53,1.0,0.40795998872921946,27056.419633089015,66321.25791886792,95503.13671886093,116013.00160211789,234099.272863375,284373.47977063677
53325047,456.1463414634146,41,1.0,0.40795998872921946,16934.140525328326,41509.31707317073,85380.85761110025,105890.72249435721,209287.3320176778,259561.53892493958
53337464,586.3820224719101,89,0.125,0.40795998872921946,21769.056698357817,6670.095505617977,90215.77378412973,110725.6386673867,27642.34737368136,33926.62323708908
53340772,518.8559322033898,59,1.0,0.40795998872921946,19262.193883094304,47215.88983050847,87708.91096886623,108218.77585212319,214993.90477501554,265268.1116822773
53445765,387.22596153846155,52,1.0,0.40795998872921946,14375.515600345167,35237.5625,82822.23268611709,103332.09756937405,203015.57744450707,253289.78435176885
53448627,533.1794884615384,26,0.5625,0.40795998872921946,19793.94672741124,27292.125065624998,88240.66381318316,108750.52869644012,121667.25847191023,149946.49985724498
53458717,389.2480618604651,43,1.0,0.40795998872921946,14450.584778581393,35421.57362930232,82897.30186435331,103407.16674761027,203199.5885738094,253473.79548107117
53474066,861.8421052631579,38,0.875,0.40795998872921946,31995.335695006746,68624.17763157895,100442.05278077867,120951.91766403563,215429.94070802262,259419.87175187666
53581602,520.8285714285714,70,1.0,0.40795998872921946,19335.42684981685,47395.4,87782.14393558877,108292.00881884573,215173.41494450707,265447.62185176887
53643568,689.0588235294117,17,0.75,0.40795998872921946,25580.86711915535,47028.26470588235,94027.58420492726,114537.44908818422,172861.77591426266,210567.43109470897
53645678,740.5737704918033,61,1.0,0.40795998872921946,27493.32650273224,67392.21311475411,95940.04358850417,116449.90847176113,235170.22805926116,285444.43496652297
53669499,543.0,59,0.0,0.40795998872921946,20158.526923076923,0.0,88605.24400884884,109115.1088921058,0.0,0.0
53717416,648.225,60,1.0,0.40795998872921946,24064.937596153843,58988.475,92511.65468192576,113021.51956518272,226766.48994450708,277040.6968517688
53733977,345.27272727272725,22,0.9375,0.40795998872921946,12818.02867132867,29456.079545454544,81264.74575710058,101774.61064035754,186747.9685559299,233880.03753148782
53738511,466.0,64,0.4375,0.40795998872921946,17299.95128205128,18552.625,85746.6683678232,106256.53325108015,91955.50653822185,113950.47206014887
53794321,563.4285714285714,42,0.1875,0.40795998872921946,20916.92454212454,9613.5,89363.64162789646,109873.50651115342,41071.87780209508,50498.291597206655
53803935,642.4166653846153,26,0.5625,0.40795998872921946,23849.306896849106,32883.703059374995,92296.02398262103,112805.88886587799,127258.83646566022,155538.07785099497
53825192,1036.2173913043478,23,1.0,0.40795998872921946,38468.90641025641,94295.78260869565,106915.62349602833,127425.48837928529,262073.79755320272,312348.00446046446
53893648,622.4423076923077,52,1.0,0.40795998872921946,23107.771671597635,56642.25000000001,91554.48875736955,112064.3536406265,224420.26494450707,274694.47185176885
53903158,1158.4848484848485,66,1.0,0.40795998872921946,43008.00738150738,105422.12121212122,111454.7244672793,131964.58935053626,273200.13615662826,323474.34306389006
53914255,588.6879425531914,47,1.0,0.40795998872921946,21854.66250322149,53570.60277234042,90301.37958899341,110811.24447225037,221348.61771684748,271622.82462410926
53915734,453.44444444444446,45,1.0,0.40795998872921946,16833.83433048433,41263.444444444445,85280.55141625625,105790.4162995132,209041.4593889515,259315.66629621328
53936201,832.6744186046511,43,1.0,0.40795998872921946,30912.504025044716,75773.37209302325,99359.22111081664,119869.0859940736,243551.3870375303,293825.5939447921
53972959,864.6041645833334,48,1.0,0.40795998872921946,32097.875376717417,78678.97897708334,100544.59246248934,121054.4573457463,246456.99392159042,296731.2008288522
53973724,577.5090909090909,55,1.0,0.40795998872921946,21439.6548018648,52553.32727272727,89886.37188763672,110396.23677089368,220331.34221723434,270605.5491244961
53986731,331.3333333333333,15,1.0,0.40795998872921946,12300.537606837604,30151.333333333332,80747.25469260952,101257.11957586648,197929.3482778404,248203.5551851022
54167570,1406.1538461538462,78,0.375,0.40795998872921946,52202.56015779092,47985.0,120649.27724356283,141159.1421268198,110901.75560419016,129754.58319441331
54237040,696.0707075757576,66,0.5625,0.40795998872921946,25841.178819578476,35630.119344034094,94287.8959053504,114797.76078860735,130005.25275031931,158284.49413565407
54245203,591.5869565217391,23,0.8125,0.40795998872921946,21962.286538461536,43740.46059782609,90409.00362423345,110918.8685074904,180060.09774023807,220907.89085238826
54246694,710.1123595505618,89,0.125,0.40795998872921946,26362.466148084124,8077.528089887641,94809.18323385605,115319.04811711301,29049.779957951025,35334.05582135875
54287612,414.25333400000005,50,1.0,0.40795998872921946,15378.889477741024,37697.053394,83825.60656351293,104335.4714467699,205475.0683385071,255749.27524576883
54365625,670.8024691358024,81,0.625,0.40795998872921946,24903.11166508388,38151.890432098764,93349.8287508558,113859.69363411276,143013.1497724157,174434.5290894543
525472560929976068,1022.8987329113924,79,0.4375,0.40795998872921946,37974.459755019474,40724.15580403481,106421.17684079139,126931.04172404835,114127.03734225666,136122.00286418368
543584528464360785,375.4916666666667,60,1.0,0.40795998872921946,13939.887425213674,34169.74166666667,82386.60451098559,102896.46939424255,201947.75661117374,252221.9635184355
549056203343531816,431.4,25,0.75,0.40795998872921946,16015.44846153846,29443.050000000003,84462.16554731037,104972.03043056733,155276.56120838033,192982.2163888266
573122310094338767,676.4772727272727,44,1.0,0.40795998872921946,25113.78511072261,61559.43181818182,93560.50219649452,114070.36707975148,229337.4467626889,279611.65366995067
577333685681759877,534.027027027027,37,0.8125,0.40795998872921946,19825.411053361047,39484.623310810806,88272.12813913297,108781.99302238993,175804.26045322279,216652.05356537297
577547502503396579,610.6551724137931,58,0.6875,0.40795998872921946,22670.181830238726,38204.114224137935,91116.89891601064,111626.7637992676,153551.49949848655,188115.01674722903
580407424598756855,538.7976214285715,14,1.0,0.40795998872921946,20002.516312445056,49030.58355,88449.23339821698,108959.09828147394,216808.59849450708,267082.8054017688
599368528094352718,384.6818181818182,22,1.0,0.40795998872921946,14281.065909090908,35006.045454545456,82727.78299486282,103237.64787811978,202784.0603990525,253058.26730631432
605748852048435444,402.73870271186445,59,0.5625,0.40795998872921946,14951.416172342895,20615.18734506356,83398.13325811482,103907.99814137178,114990.32075134879,143269.56213668355
610155932497817911,518.0,65,0.375,0.40795998872921946,19230.417948717946,17676.75,87677.13503448987,108186.99991774683,80593.50560419016,99446.33319441331
612245203931813020,738.360655737705,61,0.6875,0.40795998872921946,27411.166036149643,46193.688524590165,95857.88312192156,116367.74800517852,161541.07379893877,196104.59104768126
613221032690703355,720.1875,24,1.0,0.40795998872921946,26736.49927884615,65537.0625,95183.21636461807,115693.08124787503,233315.07744450707,283589.28435176885
618943952389206201,501.3380281690141,71,0.75,0.40795998872921946,18611.85292524377,34216.32042253521,87058.57001101569,107568.43489427265,160049.83163091552,197755.48681136183
622878708674009200,666.7567567567568,74,0.5,0.40795998872921946,24752.917186417184,30337.432432432433,93199.6342721891,113709.49915544606,114226.43990468598,139363.54335831685
627388721154300829,432.6923076923077,26,0.875,0.40795998872921946,16063.424556213016,34453.125,84510.14164198493,105020.00652524189,181258.8880764437,225248.81912029773
628340205412932131,500.0,10,1.0,0.40795998872921946,18562.179487179485,45500.0,87008.8965729514,107518.76145620836,213278.01494450707,263552.22185176885
629724091250673746,665.0448711538461,52,0.9375,0.40795998872921946,24689.364530771694,56736.6405703125,93136.08161654361,113645.94649980057,214028.52958078787,261160.5985563458
633809099013662442,454.76190476190476,42,1.0,0.40795998872921946,16882.7442002442,41383.333333333336,85329.46128601611,105839.32616927307,209161.3482778404,259435.5551851022
639216644351145145,962.5,16,1.0,0.40795998872921946,35732.19551282051,87587.5,104178.91259859243,124688.77748184939,255365.51494450707,305639.72185176885
667324814851452653,861.3809523809524,63,0.875,0.40795998872921946,31978.21568986569,68587.45833333334,100424.9327756376,120934.79765889456,215393.22140977703,259383.15245363108
668715506986619718,510.9782608695652,23,1.0,0.40795998872921946,18969.740384615383,46499.02173913043,87416.45747038731,107926.32235364427,214277.0366836375,264551.2435908993
670778657683556451,819.3846153846154,26,1.0,0.40795998872921946,30419.12859960552,74564.0,98865.84568537744,119375.7105686344,242342.01494450707,292616.22185176885
673825002694927178,793.5483870967741,31,1.0,0.40795998872921946,29459.975186104217,72212.90322580645,97906.69227187613,118416.5571551331,239990.91817031353,290265.1250775753
673826204715344716,910.48,25,1.0,0.40795998872921946,33800.98635897436,82853.68000000001,102247.70344474628,122757.56832800324,250631.6949445071,300905.90185176884
673826267743797671,733.4444444444445,27,1.0,0.40795998872921946,27228.654843304845,66743.44444444445,95675.37192907676,116185.23681233372,234521.45938895154,284795.6662962133
674566887638611404,488.75,40,1.0,0.40795998872921946,18144.530448717946,44476.25,86591.24753448987,107101.11241774683,212254.26494450707,262528.47185176885
675242237586865339,445.4342723943662,71,1.0,0.40795998872921946,16536.461827850846,40534.518787887326,84983.17891362276,105493.04379687972,208312.5337323944,258586.74063965617
676838365540390245,250.0,20,1.0,0.40795998872921946,9281.089743589742,22750.0,77727.80682936165,98237.67171261861,190528.01494450707,240802.22185176885
678242953903453952,344.6808510638298,47,1.0,0.40795998872921946,12796.055646481176,31365.95744680851,81242.7727322531,101752.63761551006,199143.9723913156,249418.17929857736
679166677359467385,1130.6708848101266,79,0.5625,0.40795998872921946,41975.431809547226,57876.21591621836,110422.14889531914,130932.0137785761,152251.34932250358,180530.59070783833
681894806923375678,785.3793103448276,29,1.0,0.40795998872921946,29156.703448275857,71469.5172413793,97603.42053404778,118113.28541730474,239247.53218588638,289521.73909314815
684782448665574114,578.3962264150944,53,1.0,0.40795998872921946,21472.58913884857,52634.056603773584,89919.3062246205,110429.17110787745,220412.07154828066,270686.2784555424
686743101124580615,818.2037037037037,27,1.0,0.40795998872921946,30375.28801044634,74456.53703703704,98822.00509621826,119331.86997947522,242234.55198154412,292508.75888880587
687757820659405525,570.2906976744187,86,0.3125,0.40795998872921946,21171.676580202744,16217.64171511628,89618.39366597467,110128.25854923163,68648.27138527474,84358.96104379404
693024169316156606,591.875,40,0.375,0.40795998872921946,21972.979967948715,20197.734375,90419.69705372064,110929.5619369776,83114.48997919016,101967.31756941331
694313018923554703,1188.806664,25,0.8125,0.40795998872921946,44133.68534544615,87897.3927195,112580.40243121807,133090.26731447503,224217.029861912,265064.8229740622
694947516825280143,332.23809523809524,21,1.0,0.40795998872921946,12334.126312576313,30233.666666666668,80780.84339834822,101290.70828160518,198011.68161117373,248285.8885184355
703527486074504582,333.910447761194,67,0.9375,0.40795998872921946,12396.211327975505,28486.735074626864,80842.92841374742,101352.79329700438,185778.62408510223,232910.69306066015
703538637731385185,398.9797981818182,66,1.0,0.40795998872921946,14811.869251219112,36307.16163454545,83258.58633699102,103768.45122024798,204085.17657905252,254359.3834863143
703678241822238330,321.23333333333335,60,1.0,0.40795998872921946,11925.58158119658,29232.233333333334,80372.2986669685,100882.16355022546,197010.2482778404,247284.45518510218
705946468067026302,439.0,60,0.75,0.40795998872921946,16297.593589743588,29961.75,84744.3106755155,105254.17555877246,155795.2612083803,193500.91638882662
708045427082372124,1258.043956043956,91,0.0,0.40795998872921946,46704.0754296985,0.0,115150.79251547041,135660.65739872737,0.0,0.0
719355891470345652,538.8653871794872,78,0.5,0.40795998872921946,20005.03207250822,24518.37511666667,88451.74915828014,108961.6140415371,108407.38258892021,133544.48604255109
721635424816164605,753.0192288461539,52,1.0,0.40795998872921946,27955.356166279587,68524.749825,96402.0732520515,116911.93813530846,236302.76476950708,286576.97167676885
725867973010290782,496.09375,64,1.0,0.40795998872921946,18417.162459935895,45144.53125,86863.87954570781,107373.74442896477,212922.54619450707,263196.75310176885
728531681504670920,151.86936918918917,37,0.75,0.40795998872921946,5638.052978988911,10365.08444716216,74084.77006476083,94594.63494801779,136198.59565554248,173904.2508359888
730437501239201082,668.5941469047619,84,0.4375,0.40795998872921946,24821.12911784768,26618.404473645835,93267.8462036196,113777.71108687656,100021.28601186768,122016.2515337947
730503580289648392,787.5,10,0.6875,0.40795998872921946,29235.432692307688,49267.96875,97682.1497780796,118192.01466133657,164615.3540243486,199178.8712730911
730553947980169722,888.5416666666666,48,1.0,0.40795998872921946,32986.53979700854,80857.29166666666,101433.25688278046,121943.12176603742,248635.30661117373,298909.51351843553
731853350375474350,705.5147058823529,34,0.5625,0.40795998872921946,26191.78120286576,36113.534007352944,94638.49828863768,115148.36317189464,130488.66741363818,158767.90879897293
732572931172602640,291.42857142857144,63,1.0,0.40795998872921946,10819.0989010989,26520.0,79265.81598687082,99775.68087012778,194298.01494450707,244572.22185176885
734774611454860165,576.7067307692307,52,1.0,0.40795998872921946,21409.867696005913,52480.31249999999,89856.58478177783,110366.44966503479,220258.32744450707,270532.53435176885
735732850757918650,1293.0666657142856,35,1.0,0.40795998872921946,48004.271075754565,117669.06657999998,116450.98816152647,136960.85304478343,285447.081524507,335721.28843176883
739015384619300207,1608.6896551724137,58,0.8125,0.40795998872921946,59721.57223695844,118942.49137931035,128168.28932273036,148678.15420598732,255262.12852172233,296109.92163387255
744210382596366805,517.1851866666667,45,0.6875,0.40795998872921946,19200.168526034187,32356.398240833336,87646.88561180611,108156.75049506307,147703.78351518195,182267.30076392443
746451645715267085,974.9269662921348,89,0.125,0.40795998872921946,36193.53867041198,11089.794241573034,104640.2557561839,125150.12063944087,32062.046109636416,38346.32197304414
748336742434217963,457.1363636363636,44,0.9375,0.40795998872921946,16970.894463869463,38999.44602272727,85417.61154964138,105927.47643289834,196291.33503320263,243423.40400876055
753461577197808016,843.8983050847457,59,0.75,0.40795998872921946,31329.1836158192,57596.05932203389,99775.90070159112,120285.76558484808,183429.5705304142,221135.2257108605
753566944813003124,578.1220779220779,77,0.875,0.40795998872921946,21462.411551781548,46032.97045454545,89909.12863755347,110418.99352081043,192838.73353098915,236828.6645748432
754141022905987471,639.06666625,80,0.6875,0.40795998872921946,23724.940326411855,39981.608307265626,92171.65741218378,112681.52229544074,155328.99358161422,189892.5108303567
754375397775403281,844.9329369047618,84,0.4375,0.40795998872921946,31367.593658911777,33638.89255052083,99814.3107446837,120324.17562794065,107041.77408874268,129036.7396106697
754796838418506202,574.4852941176471,68,0.4375,0.40795998872921946,21327.398284313724,22871.69577205882,89774.11537008564,110283.9802533426,96274.57731028067,118269.54283220769
756997201912524343,960.3148148148148,81,0.4375,0.40795998872921946,35651.07191358024,38232.53356481482,104097.78899935217,124607.65388260913,111635.41510303666,133630.38062496367
758758164947604865,153.90243902439025,82,0.25,0.40795998872921946,5713.529393370856,3501.2804878048782,74160.24647914278,94670.11136239974,45445.784223931645,58014.33595074709
762112217871324562,442.37142857142857,35,1.0,0.40795998872921946,16422.755714285715,40255.8,84869.47280005763,105379.33768331459,208033.8149445071,258308.02185176883
762916089194134311,1000.0,90,0.0625,0.40795998872921946,37124.35897435897,5687.5,105571.07606013089,126080.94094338785,16173.625934031692,19315.763865735553
766052072199682693,647.2105263157895,57,1.0,0.40795998872921946,24027.27591093117,58896.15789473684,92473.99299670309,112983.85787996005,226674.1728392439,276948.3797465057
766788707373767791,430.42857142857144,35,1.0,0.40795998872921946,15979.384798534797,39169.0,84426.10188430671,104935.96676756367,206947.01494450707,257221.22185176885
767407262472265686,729.0441176470588,68,1.0,0.40795998872921946,27065.295531674205,66343.01470588235,95512.01261744612,116021.87750070308,234121.02965038942,284395.2365576512
769009482417170004,567.0727272727273,55,0.8125,0.40795998872921946,21052.21149184149,41927.93977272727,89498.9285776134,110008.79346087037,178247.57691513927,219095.37002728943
770131545986036241,963.8888888888889,72,0.9375,0.40795998872921946,35783.75712250712,82231.77083333333,104230.47420827905,124740.339091536,239523.65984380868,286655.7288193666
771111761043546355,603.2666666666667,75,0.9375,0.40795998872921946,22395.888290598286,51466.1875,90842.60537637021,111352.47025962717,208758.07651047537,255890.1454860333
772261416620745030,831.8378378378378,74,0.375,0.40795998872921946,30881.446500346497,28386.466216216213,99328.16358611842,119838.02846937538,91303.22182040637,110156.04941062952
772706520794806760,450.0,9,0.4375,0.40795998872921946,16705.961538461535,17915.625,85152.67862423345,105662.54350749041,91318.50653822185,113313.47206014887
778933432062496662,892.2857142857143,70,0.0625,0.40795998872921946,33125.535164835164,5074.875,101572.25225060708,122082.11713386404,15561.000934031692,18703.138865735553
781223884036842600,364.758064516129,62,1.0,0.40795998872921946,13541.409325889163,33192.98387096774,81988.12641166108,102497.99129491804,200970.9988154748,251245.2057227366
782548209247570691,656.8627450980392,51,1.0,0.40795998872921946,24385.60834590246,59774.509803921566,92832.32543167437,113342.19031493133,227552.52474842864,277826.7316556904
782734966853311782,748.6962025316456,79,0.75,0.40795998872921946,27794.866585524174,51098.5158227848,96241.58367129609,116751.44855455305,176932.0270311651,214637.68221161142
783879004243392314,612.4905426760563,71,0.6875,0.40795998872921946,22738.318774705847,38318.93957617077,91185.03586047777,111694.90074373473,153666.32485051936,188229.84209926188
785658004981722606,560.3306451612904,62,0.875,0.40795998872921946,20801.916015301904,44616.32762096774,89248.63310107382,109758.49798433078,191422.09069741145,235412.0217412655
786307999394390316,572.9056603773585,53,0.875,0.40795998872921946,21268.75539429124,45617.61320754716,89715.47248006315,110225.33736332011,192423.37628399086,236413.3073278449
786807324710664147,1205.1162790697674,43,1.0,0.40795998872921946,44739.16935002981,109665.58139534884,113185.88643580173,133695.7513190587,277443.5963398559,327717.80324711767
787195284335262595,539.5633332,50,1.0,0.40795998872921946,20030.94287111846,49100.2633212,88477.65995689038,108987.52484014734,216878.27826570708,267152.4851729688
787847078680683474,322.88461538461536,52,0.8125,0.40795998872921946,11986.884368836289,23873.281249999996,80433.6014546082,100943.46633786516,160192.918392412,201040.71150456218
790431243381422888,914.2333333333333,90,0.0625,0.40795998872921946,33940.32645299145,5199.702083333334,102387.04353876336,122896.90842202032,15685.828017365026,18827.965949068886
790518755885066166,806.1702127659574,47,1.0,0.40795998872921946,29928.552373158753,73361.48936170213,98375.26945893068,118885.13434218764,241139.50430620922,291413.71121347096
790752171303746450,502.6842105263158,76,0.9375,0.40795998872921946,18661.829082321183,42885.24671052631,87108.5461680931,107618.41105135006,200177.1357210017,247309.2046965596
792096103347120988,410.90625,24,0.8125,0.40795998872921946,15254.63112980769,30381.380859375,83701.34821557961,104211.21309883657,166701.018001787,207548.81111393718
792184367926408145,371.04,50,1.0,0.40795998872921946,13774.622153846152,33764.64,82221.33923961807,102731.20412287503,201542.65494450706,251816.86185176886
794710559970994170,503.81944444444446,36,0.9375,0.40795998872921946,18703.973913817663,42982.096354166664,87150.69099958958,107660.55588284654,200273.98536464202,247406.05434019995
794996321339600522,371.8448275862069,58,0.875,0.40795998872921946,13804.500862068964,29608.144396551725,82251.21794784088,102761.08283109784,176413.9074729954,220403.83851684944
795495744056169046,856.1111111111111,45,0.5625,0.40795998872921946,31782.576210826206,43822.1875,100229.29329659813,120739.15817985509,138197.32090628523,166476.56229161998
796481545034280714,579.2957746478874,71,0.5625,0.40795998872921946,21505.98429035753,29652.702464788734,89952.70137612945,110462.56625938641,124027.83587107396,152307.07725640872
797261187302809924,528.5441176470588,68,0.3125,0.40795998872921946,19621.86155731523,15030.473345588234,88068.57864308715,108578.44352634411,67461.10301574669,83171.792674266
798475021925579344,330.32,25,1.0,0.40795998872921946,12262.918256410254,30059.12,80709.63534218217,101219.50022543913,197837.13494450707,248111.34185176884
799251513158018593,520.3921568627451,51,1.0,0.40795998872921946,19319.225238813473,47355.686274509804,87765.9423245854,108275.80720784236,215133.70121901686,265407.90812627866
800942299109284552,306.4102564102564,39,1.0,0.40795998872921946,11375.284352399736,27883.333333333332,79822.00143817166,100331.86632142862,195661.3482778404,245935.5551851022
801271167231006592,254.16666647058827,34,1.0,0.40795998872921946,9435.774565370286,23129.16664882353,77882.4916511422,98392.35653439916,190907.1815933306,241181.38850059238
801611117719633492,456.2105263157895,57,0.8125,0.40795998872921946,16936.523346828606,33731.06578947368,85383.24043260052,105893.10531585748,170050.70293188567,210898.49604403586
802047490248101970,251.57142857142858,35,1.0,0.40795998872921946,9339.428021978021,22893.0,77786.14510774994,98296.0099910069,190671.01494450707,240945.22185176885
802357806571870530,654.9363636363636,55,1.0,0.40795998872921946,24314.092668997662,59599.209090909084,92760.80975476958,113270.67463802654,227377.22403541615,277651.43094267795
805726391815686158,406.72340425531917,47,0.8125,0.40795998872921946,15099.345662847789,30072.11170212766,83546.0627486197,104055.92763187666,166391.74884453963,207239.54195668985
806702099486447309,571.2833333333333,60,0.75,0.40795998872921946,21208.52754273504,38990.0875,89655.24462850696,110165.10951176392,164823.5987083803,202529.2538888266
807400945391416643,629.421052631579,19,1.0,0.40795998872921946,23366.85310391363,57277.31578947369,91813.57018968555,112323.4350729425,225055.33073398075,275329.53764124255
809946874989632205,380.00666666666666,75,0.625,0.40795998872921946,14107.503905982905,21612.879166666666,82554.22099175482,103064.08587501178,126474.13850698358,157895.51782402222
811053746893495263,393.864406779661,59,0.8125,0.40795998872921946,14621.963624511081,29121.349576271186,83068.68071028299,103578.54559353995,165440.98671868318,206288.77983083337
812231708820863156,672.8047628571429,35,1.0,0.40795998872921946,24977.445535967032,61225.233420000004,93424.16262173894,113934.0275049959,229003.24836450708,279277.45527176885
813090046454458015,388.45238095238096,84,0.1875,0.40795998872921946,14421.045634920632,6627.96875,82867.76272069255,103377.62760394951,38086.34655209508,47512.760347206655
815806026505024003,897.2121212121212,33,0.625,0.40795998872921946,33308.42486402486,51028.9393939394,101755.14194979679,122265.00683305375,155890.19873425632,187311.57805129493
816613605644920543,1897.4683544303798,79,0.375,0.40795998872921946,70442.29633235962,64751.10759493671,138889.01341813154,159398.8783013885,127667.86319912686,146520.69078935002
821574780923920105,602.5909090909091,44,1.0,0.40795998872921946,22370.801223776223,54835.77272727273,90817.51830954815,111327.38319280511,222613.7876717798,272887.99457904155
821920276390293366,601.1052631578947,38,0.75,0.40795998872921946,22315.647570850197,41025.434210526306,90762.36465662211,111272.22953987907,166858.94541890663,204564.6005993529
822365439954007216,704.2280701754386,57,1.0,0.40795998872921946,26144.01567701304,64084.75438596491,94590.73276278496,115100.59764604192,231862.769330472,282136.97623773373
826063757882656916,585.8082191780821,73,0.5,0.40795998872921946,21747.75461889708,26654.273972602736,90194.471704669,110704.33658792597,110543.28144485627,135680.38489848716
826617189908528565,472.2482995918367,49,1.0,0.40795998872921946,17531.915399077967,42974.59526285714,85978.63248484989,106488.49736810685,210752.6102073642,261026.817114626
828036946101813387,341.3541666666667,24,1.0,0.40795998872921946,12672.554620726494,31063.229166666668,81119.27170649842,101629.13658975538,198841.24411117373,249115.4510184355
831740758559247685,807.1176470588235,34,1.0,0.40795998872921946,29963.72526395173,73447.70588235294,98410.44234972364,118920.3072329806,241225.72082686,291499.9277341218
832123000813215722,486.6666666666667,78,0.5,0.40795998872921946,18067.188034188035,22143.333333333336,86513.90511995995,107023.77000321691,106032.34080558686,131169.44425921777
834645644371228115,300.0,38,0.125,0.40795998872921946,11137.307692307691,3412.5,79584.0247780796,100093.88966133657,24384.751868063384,30669.027731471106
836385234465202348,1256.6666666666667,33,0.5,0.40795998872921946,46652.944444444445,57178.333333333336,115099.66153021637,135609.52641347333,141067.34080558686,166204.44425921777
837646263953285868,454.8021218181818,55,1.0,0.40795998872921946,16884.23723267832,41386.99308545454,85330.95431845024,105840.8192017072,209165.0080299616,259439.21493722338
839184834439414765,154.71428571428572,42,0.875,0.40795998872921946,5743.668681318681,12319.125,74190.3857670906,94700.25065034756,159124.8880764437,203114.81912029773
840525492567265584,1196.5897435897436,39,1.0,0.40795998872921946,44422.6271860618,108889.66666666667,112869.34427183372,133379.20915509068,276667.6816111737,326941.88851843553
841394344184198064,666.3333333333334,27,1.0,0.40795998872921946,24737.19786324786,60636.333333333336,93183.91494901977,113693.77983227673,228414.3482778404,278688.55518510216
844864653127085626,1028.9909905405405,74,0.8125,0.40795998872921946,38200.63091420824,76081.0213630912,106647.34799998015,127157.21288323711,212400.6585055032,253248.45161765337
850675824952359571,805.030303030303,66,0.3125,0.40795998872921946,29886.23395493395,22893.04924242424,98332.95104070587,118842.81592396283,75323.67891258269,91034.36857110201
850931966820064700,797.9000025,40,0.875,0.40795998872921946,29621.526118451922,63532.78769906251,98068.24320422384,118578.1080874808,210338.55077550618,254328.48181936023
856482117556875618,370.0,20,1.0,0.40795998872921946,13736.012820512819,33670.0,82182.72990628473,102692.59478954169,201448.01494450707,251722.22185176885
859653300578357102,702.0,57,0.5,0.40795998872921946,26061.299999999996,31941.0,94508.01708577192,115017.88196902888,115830.00747225354,140967.11092588442
859925561562240250,792.8275862068965,29,1.0,0.40795998872921946,29433.21591511936,72147.31034482758,97879.93300089128,118389.79788414824,239925.32528933464,290199.53219659644
863830918159371125,329.46268656716416,67,0.875,0.40795998872921946,12231.091044776118,26233.466417910444,80677.80813054803,101187.67301380499,173039.22949435413,217029.16053820818
869504505210568410,1162.5,80,0.6875,0.40795998872921946,43157.067307692305,72728.90625,111603.78439346422,132113.64927672117,188076.2915243486,222639.8087730911
871084107630048364,444.44444444444446,54,1.0,0.40795998872921946,16499.7150997151,40444.444444444445,84946.43218548702,105456.29706874398,208222.4593889515,258496.66629621328
873125740517449213,456.0483870967742,62,0.8125,0.40795998872921946,16930.504032258064,33719.07762096774,85377.22111802998,105887.08600128694,170038.7147633797,210886.50787552993
873255393900331818,656.1267605633802,71,0.75,0.40795998872921946,24358.285391838206,44780.65140845071,92805.00247761012,113314.86736086708,170614.16261683102,208319.81779727733
881204142086821328,516.6666666666666,51,0.875,0.40795998872921946,19180.9188034188,41139.58333333333,87627.63588919071,108137.50077244767,187945.346409777,231935.27745363105
892721989592935461,361.6808510638298,47,1.0,0.40795998872921946,13427.16974904528,32912.95744680851,81873.8868348172,102383.75171807416,200690.9723913156,250965.17929857736
894985131313802009,652.1328125,64,1.0,0.40795998872921946,24210.01263020833,59344.0859375,92656.72971598024,113166.5945992372,227122.10088200707,277396.30778926885
897144549301156856,984.4444444444445,27,1.0,0.40795998872921946,36546.86894586895,89584.44444444445,104993.58603164087,125503.45091489782,257362.45938895154,307636.6662962133
900757690500508426,571.08,25,1.0,0.40795998872921946,21200.978923076924,51968.280000000006,89647.69600884884,110157.5608921058,219746.29494450707,270020.5018517689
902324773092897293,1000.0,3,0.8125,0.40795998872921946,37124.35897435897,73937.5,105571.07606013089,126080.94094338785,210257.137142412,251104.93025456218
904512525045117852,530.9975000000001,40,1.0,0.40795998872921946,19712.94180448718,48320.77250000001,88159.6588902591,108669.52377351606,216098.78744450706,266372.99435176887
906701409648697471,542.0175438596491,57,1.0,0.40795998872921946,20122.053868645973,49323.59649122807,88568.7709544179,109078.63583767485,217101.61143573513,267375.81834299694
910815231577364751,502.2564102564103,39,1.0,0.40795998872921946,18645.947271531884,45705.333333333336,87092.6643573038,107602.52924056076,213483.3482778404,263757.55518510216
911476333007658783,257.311320754717,53,0.75,0.40795998872921946,9552.517839864537,17561.49764150943,77999.23492563645,98509.09980889341,143395.00884988974,181100.66403033605
913929715874853789,919.5320499999999,52,0.875,0.40795998872921946,34137.0379126282,73217.73948125,102583.75499840011,123093.61988165707,220023.5025576937,264013.43360154773
915332897455058900,1075.0036764705883,68,0.6875,0.40795998872921946,39908.822384049774,67254.91750919119,108355.5394698217,128865.40435307866,182602.3027835398,217165.82003228227
916052715744473224,1150.0,40,0.0,0.40795998872921946,42693.01282051281,0.0,111139.72990628473,131649.59478954168,0.0,0.0
923133320997277084,396.43589743589746,39,0.875,0.40795998872921946,14717.428566732413,31566.208333333336,83164.14565250433,103674.01053576129,178371.97140977703,222361.90245363108
929120660817262874,734.796511627907,86,0.3125,0.40795998872921946,27278.84947078115,20895.775799418603,95725.56655655307,116235.43143981003,73326.40546957706,89037.09512809638
936216057908307884,388.69180327868855,61,1.0,0.40795998872921946,14429.934035308952,35370.95409836066,82876.65112108087,103386.51600433783,203148.9690428677,253423.17595012952
939325387438995809,1345.5882352941176,68,0.5625,0.40795998872921946,49954.100678733026,68877.29779411765,118400.81776450494,138910.6826477619,163252.43120040288,191531.67258573763
939698664229028471,306.35714285714283,35,0.75,0.40795998872921946,11373.312545787543,20908.874999999996,79820.02963155946,100329.89451481642,146742.3862083803,184448.04138882662
944320965810800803,884.1408738095239,84,0.4375,0.40795998872921946,32823.16318320818,35199.858538541666,101269.8802689801,121779.74515223705,108602.74007676351,130597.70559869053
946451380352813662,1104.875,20,1.0,0.40795998872921946,41017.776121794865,100543.625,109464.49320756679,129974.35809082375,268321.63994450704,318595.84685176885
946609581890906389,407.2753626086956,23,1.0,0.40795998872921946,15119.836762897434,37062.057997391305,83566.55384866935,104076.41873192631,204840.07294189837,255114.27984916014
950059146531590785,469.05882352941177,17,1.0,0.40795998872921946,17413.50814479638,42684.35294117647,85860.22523056829,106370.09011382525,210462.36788568355,260736.57479294532
956398979498945273,464.1025641025641,39,1.0,0.40795998872921946,17229.510190664034,42233.33333333333,85676.22727643595,106186.09215969291,210011.3482778404,260285.55518510216
956676934234107014,409.07142857142856,14,1.0,0.40795998872921946,15186.514560439558,37225.5,83633.23164621147,104143.09652946843,205003.51494450707,255277.72185176885
957349094500016515,583.2378048780488,82,0.3125,0.40795998872921946,21652.329635709815,16585.825076219513,90099.04672148173,110608.91160473869,69016.45474637797,84727.14440489728
963040775940890055,650.2468737500001,80,0.6875,0.40795998872921946,24139.99836304968,40681.07003898438,92586.7154488216,113096.58033207856,156028.455313333,190591.97256207548
963916345061155113,1364.454762857143,35,0.875,0.40795998872921946,50654.50842058241,108644.7104925,119101.22550635433,139611.0903896113,255450.47356894368,299440.4046127977
964579064376617710,742.4609375,64,0.875,0.40795998872921946,27563.3863681891,59118.4521484375,96010.10345396103,116519.96833721799,205924.2152248812,249914.14626873523
965310801955633109,476.984126984127,63,1.0,0.40795998872921946,17707.729955229952,43405.555555555555,86154.44704100187,106664.31192425883,211183.57050006263,261457.7774073244
966687088388761169,776.7045454545455,88,0.1875,0.40795998872921946,28834.658362470866,13252.521306818184,97281.37544824279,117791.24033149975,44710.89910891326,54137.31290402484
968213956640500474,465.27366246913584,81,0.4375,0.40795998872921946,17272.98646681893,18523.70768705247,85719.70355259084,106229.5684358478,91926.5892252743,113921.55474720133
978095320445301654,871.5753424657535,73,1.0,0.40795998872921946,32356.67588689849,79313.35616438357,100803.39297267041,121313.25785592737,247091.37110889063,297365.57801615243
978244263452010977,433.63829787234044,47,0.9375,0.40795998872921946,16098.543835242772,36994.76728723405,84545.26092101469,105055.12580427165,194286.6562977094,241418.72527326734
980310639590708922,615.0073529411765,68,0.875,0.40795998872921946,22831.753742458517,48969.960477941175,91278.47082823043,111788.3357114874,195775.72355438487,239765.6545982389
983188724209547131,878.6986301369863,73,0.4375,0.40795998872921946,32621.12337548296,34983.18921232876,101067.84046125488,121577.70534451184,108386.0707505506,130381.03627247762
984846668146064982,995.5104166666666,48,0.0,0.40795998872921946,36957.686071047,0.0,105404.40315681891,125914.26804007587,0.0,0.0
985445004274818605,165.11016949152543,59,0.6875,0.40795998872921946,6129.609202520643,10329.70497881356,74576.32628829256,95086.19117154952,125677.09025316217,160240.60750190465
985716714802993034,541.3472229166667,48,1.0,0.40795998872921946,20097.168633330664,49262.597285416676,88543.88571910257,109053.75060235953,217040.61222992375,267314.8191371855
986245345084467584,832.9476744186046,86,0.3125,0.40795998872921946,30922.64847197376,23686.94949127907,99369.36555774568,119879.23044100264,76117.57916143752,91828.26881995684
986407426689940399,269.57142857142856,35,1.0,0.40795998872921946,10007.666483516483,24531.0,78454.3835692884,98964.24845254536,192309.01494450707,242583.22185176885
991407580891691701,641.9181818181818,55,1.0,0.40795998872921946,23830.80101398601,58414.55454545454,92277.51809975793,112787.38298301489,226192.5694899616,276466.7763972234
995680028058206783,3520.285714285714,84,0.1875,0.40795998872921946,130688.35054945054,60064.875,199135.06763522245,219644.9325184794,91523.25280209508,100949.66659720665
996227938456591020,333.5342465753425,73,0.625,0.40795998872921946,12382.245100105374,18969.760273972603,80828.96218587729,101338.82706913425,123831.01961428951,155252.39893132815
999226382307972271,491.6309523809524,84,0.4375,0.40795998872921946,18251.48395909646,19573.057291666668,86698.20104486837,107208.06592812533,92975.93882988852,114970.90435181554
1002341236260011015,351.85185185185185,54,0.875,0.40795998872921946,13062.27445394112,28016.203703703704,81508.99153971304,102018.85642297,174821.9667801474,218811.89782400144
1002785860497857801,494.5153846153846,65,1.0,0.40795998872921946,18358.56665680473,45000.9,86805.28374257665,107315.14862583361,212778.91494450707,263053.12185176887
1004496327455456339,374.96835443037975,79,0.6875,0.40795998872921946,13920.459793898082,23458.95767405063,82367.17687967,102877.04176292697,138806.34294839925,173369.8601971417
1004910078575857573,747.2368421052631,19,0.5625,0.40795998872921946,27740.68876518218,38249.18585526316,96187.40585095409,116697.27073421105,132624.3192615484,160903.56064688315
1005860682746801029,396.1515151515151,66,1.0,0.40795998872921946,14706.871056721056,36049.78787878788,83153.58814249297,103663.45302574993,203827.80282329494,254102.00973055672
1005958896607152946,244.52830188679246,53,0.3125,0.40795998872921946,9077.956458635703,6953.773584905661,77524.67354440762,98034.53842766458,59384.40325506412,75095.09291358343
1006396584243125090,556.2835638888888,72,0.5625,0.40795998872921946,20651.67071734686,28474.764926562497,89098.38780311878,109608.25268637574,122849.89833284772,151129.13971818247
1008029204257210230,298.41273622641506,53,0.3125,0.40795998872921946,11078.381542190127,8486.112186438679,79525.09862796204,100034.963511219,60916.74185659714,76627.43151511645
1011115904222911872,751.4601985074627,67,0.5625,0.40795998872921946,27897.478164334098,38465.36891110075,96344.19525010602,116854.06013336297,132840.50231738598,161119.74370272073
1011714999685071594,556.0357142857143,28,1.0,0.40795998872921946,20642.46945970696,50599.25000000001,89089.18654547888,109599.05142873584,218377.26494450707,268651.47185176885
1014245162199655907,560.4651162790698,43,1.0,0.40795998872921946,20806.90816935003,51002.32558139535,89253.62525512195,109763.49013837891,218780.34052590243,269054.5474331642
1015691857467598452,1225.3090909090909,55,0.25,0.40795998872921946,45488.814545454545,27875.78181818182,113935.53163122646,134445.39651448344,69820.28555430859,82388.83728112403
1019453731090411731,413.81060606060606,66,1.0,0.40795998872921946,15362.453486790986,37656.76515151515,83809.1705725629,104319.03545581986,205434.78009602224,255708.98700328398
1019756845213291605,173.32638888888889,72,0.75,0.40795998872921946,6434.631080840455,11829.526041666666,74881.34816661237,95391.21304986933,137663.03725004697,175368.69243049328
1023885231203292759,496.1619045714285,70,0.6875,0.40795998872921946,18419.692654711354,31041.12915475,86866.40974048327,107376.27462374023,146388.5144290986,180952.0316778411
1025356251415331533,356.7931034482759,29,0.9375,0.40795998872921946,13245.71525198939,30438.911637931036,81692.4323377613,102202.29722101826,187730.8006484064,234862.86962396433
1030981527494824971,306.6111111111111,27,1.0,0.40795998872921946,11382.740954415953,27901.61111111111,79829.45804018786,100339.32292344482,195679.62605561817,245953.83296287997
1031938290013047428,639.253125,80,0.6875,0.40795998872921946,23731.862487980765,39993.273632812496,92178.57957375268,112688.44445700964,155340.6589071611,189904.17615590358
1032037416009523135,550.7972972972973,37,0.25,0.40795998872921946,20447.996586971585,12530.638513513513,88894.7136727435,109404.57855600046,54475.14224964028,67043.69397645572
1033202997223117530,1938.8908034482758,29,0.9375,0.40795998872921946,71980.07819929707,165411.621669181,140426.79528506898,160936.66016832594,322703.5106796564,369835.57965521433
1034873975277447845,722.2565352941176,51,1.0,0.40795998872921946,26813.310887835592,65725.3447117647,95260.0279736075,115769.89285686446,233503.35965627176,283777.56656353356
1035628196408986358,948.0813953488372,43,0.875,0.40795998872921946,35196.91405784138,75490.98110465116,103643.6311436133,124153.49602687026,222296.74418109487,266286.6752249489
1037004838842410100,310.7857142857143,35,0.6875,0.40795998872921946,11537.72042124542,19443.53125,79984.43750701734,100494.3023902743,134790.9165243486,169354.4337730911
1037047027853581998,1471.0,9,1.0,0.40795998872921946,54609.93205128205,133861.0,123056.64913705396,143566.51402031092,301639.01494450704,351913.22185176885
1039235354309448898,183.33333333333334,60,0.5625,0.40795998872921946,6806.1324786324785,9384.375000000002,75252.8495644044,95762.71444766136,103759.50840628523,132038.74979161998
1042032092670718662,397.6,25,1.0,0.40795998872921946,14760.645128205126,36181.6,83207.36221397705,103717.227097234,203959.61494450708,254233.82185176885
1043497443334655968,870.8373023809525,42,1.0,0.40795998872921946,32329.276621852867,79246.19451666667,100775.99370762479,121285.85859088175,247024.20946117374,297298.4163684355
1044458170286255125,792.6276595744681,47,1.0,0.40795998872921946,29425.793767048555,72129.1170212766,97872.51085282047,118382.37573607743,239907.13196578366,290181.33887304546
1045077329214831775,800.0,31,1.0,0.40795998872921946,29699.487179487176,72800.0,98146.20426525909,118656.06914851605,240578.01494450707,290852.22185176885
1045459185575382038,515.2808988764045,89,0.125,0.40795998872921946,19129.47306251801,5861.320224719102,87576.19014828993,108086.05503154689,26833.572092782488,33117.847956190206
1045520246239520927,950.7818938271605,81,0.625,0.40795998872921946,35297.16833276037,54075.72021141976,103743.88541853229,124253.75030178924,158936.97955173667,190358.3588687753
1045916135727198441,669.1666661016949,59,1.0,0.40795998872921946,24842.38352603433,60894.16661525423,93289.10061180625,113798.96549506321,228672.1815597613,278946.3884670231
1046547202929220520,383.77529749999997,56,0.9375,0.40795998872921946,14247.411909881406,32740.830067968745,82694.12899565333,103203.99387891029,190032.71907844412,237164.78805400204
1047723626454445067,1629.2747252747254,91,0.0,0.40795998872921946,60485.779768948996,0.0,128932.49685472091,149442.3617379779,0.0,0.0
1048804459244346908,704.4285714285714,70,0.875,0.40795998872921946,26151.459157509154,56090.125,94598.17624328108,115108.04112653804,202895.8880764437,246885.81912029773
1050857413300266721,639.4166666666666,54,0.6875,0.40795998872921946,23737.933867521366,40003.50520833333,92184.65095329328,112694.51583655024,155350.89048268192,189914.40773142444
1052110098791057231,671.0,22,1.0,0.40795998872921946,24910.44487179487,61061.0,93357.16195756679,113867.02684082375,228839.01494450707,279113.22185176885
1052490589225547467,698.1119402985074,67,1.0,0.40795998872921946,25916.958275928046,63528.18656716417,94363.67536169996,114873.54024495692,231306.20151167124,281580.40841893305
1053030252161966865,276.72289156626505,83,0.5,0.40795998872921946,10273.159962928636,12590.89156626506,78719.87704870055,99229.74193195751,96479.89903851859,121617.00249214948
1053132609735844516,990.9090909090909,11,1.0,0.40795998872921946,36786.864801864795,90172.72727272726,105233.58188763671,125743.44677089367,257950.74221723434,308224.9491244961
1053522951026570547,587.0474353846154,65,0.6875,0.40795998872921946,21793.75972619526,36727.15517625,90240.47681196718,110750.34169522414,152074.5404505986,186638.0576993411
1053625763515857065,494.7997694444445,72,1.0,0.40795998872921946,18369.124261285615,45026.77901944445,86815.84134705753,107325.70623031449,212804.79396395152,263079.00087121327
1053851019443958006,503.9,90,0.0625,0.40795998872921946,18706.964487179484,2865.93125,87153.6815729514,107663.54645620837,13352.057184031692,16494.195115735554
1054265461023254222,488.17241379310343,58,0.8125,0.40795998872921946,18123.08793103448,36094.24784482759,86569.8050168064,107079.66990006335,172413.88498723958,213261.67809938977
1055163452693752832,579.330985915493,71,0.3125,0.40795998872921946,21507.291486096063,16474.724911971833,89954.00857186798,110463.87345512494,68905.3545821303,84616.0442406496
1056816282920055514,540.0,43,1.0,0.40795998872921946,20047.153846153844,49140.0,88493.87093192576,109003.73581518272,216918.01494450707,267192.22185176885
1056827534457537585,301.19514797468355,79,0.375,0.40795998872921946,11181.676794747322,10278.284424636076,79628.39388051924,100138.2587637762,73195.04002882623,92047.86761904939
1057137469420115073,650.2753623188406,69,0.6875,0.40795998872921946,24141.055982905982,40682.852355072464,92587.7730686779,113097.63795193486,156030.23762942106,190593.75487816357
1057964852411462810,292.6623376623377,77,0.875,0.40795998872921946,10864.901681651681,23303.238636363636,79311.6187674236,99821.48365068056,170109.00171280734,214098.93275666138
1058193595817353204,409.56060606060606,33,1.0,0.40795998872921946,15204.67496114996,37270.01515151515,83651.39204692187,104161.25693017883,205048.03009602224,255322.23700328398
1058777213156843238,448.2692307692308,26,0.8125,0.40795998872921946,16641.707840236686,33143.90625,85088.4249260086,105598.28980926557,169463.543392412,210311.33650456218
1060712994513047104,419.34322033898303,59,0.5,0.40795998872921946,15567.848245328116,19080.116525423728,84014.56533110004,104524.430214357,102969.12399767726,128106.22745130815
1062221285605590578,557.209956060606,66,1.0,0.40795998872921946,20686.062432880728,50706.10600151515,89132.77951865265,109642.64440190961,218484.12094602222,268758.327853284
1062615116593634676,433.3333333333333,45,1.0,0.40795998872921946,16087.222222222219,39433.33333333333,84533.93930799414,105043.8041912511,207211.3482778404,257485.55518510216
1063807278503566143,431.9591836734694,49,0.9375,0.40795998872921946,16036.20779696494,36851.51785714286,84482.92488273686,104992.78976599382,194143.40686761824,241275.47584317616
1066545050089987954,462.8985507246377,69,0.8125,0.40795998872921946,17184.811965811965,34225.5615942029,85631.52905158389,106141.39393484085,170545.1987366149,211392.9918487651
1067320906990424780,602.7459016393443,61,1.0,0.40795998872921946,22376.55522278268,54849.87704918033,90823.2723085546,111333.13719181156,222627.8919936874,272902.0989009492
1070343877574441166,308.1578947368421,19,0.8125,0.40795998872921946,11440.16430499325,22784.424342105263,79886.88139076516,100396.74627402212,159104.06148451724,199951.85459666743
1074031328011239995,1677.073033707865,89,0.0625,0.40795998872921946,62260.261329588,9538.352879213482,130706.97841535992,151216.84329861688,20024.478813245172,23166.616744949035
1075503699104403085,995.968115942029,69,1.0,0.40795998872921946,36974.67786324786,90633.09855072464,105421.39494901977,125931.25983227673,258411.11349523172,308685.32040249347
1081972140987250431,638.8769841269841,63,0.6875,0.40795998872921946,23717.898499185998,39969.741319444445,92164.61558495791,112674.48046821487,155317.12659379304,189880.64384253553
1082133757143221839,1200.0,15,0.5625,0.40795998872921946,44549.230769230766,61425.0,112995.94785500268,133505.81273825964,155800.13340628523,184079.37479161998
1083301106167776779,459.0,30,1.0,0.40795998872921946,17040.080769230768,41769.0,85486.79785500269,105996.66273825965,209547.01494450707,259821.22185176885
1085437829031467755,662.222224,45,1.0,0.40795998872921946,24584.575564574356,60262.222384,93031.29265034627,113541.15753360323,228040.23732850706,278314.44423576887
1088251024341369589,603.5714285714286,14,0.3125,0.40795998872921946,22407.202380952378,17164.0625,90853.9194667243,111363.78434998126,69594.69217015847,85305.38182867777
1100720037663116812,945.5564516129032,62,0.6875,0.40795998872921946,35103.1771401985,59156.37550403225,103549.89422597042,124059.75910922738,174503.76077838085,209067.27802712334
1100991386372756521,819.8888888888889,90,0.0625,0.40795998872921946,30437.84943019943,4663.118055555556,98884.56651597135,119394.43139922831,15149.243989587249,18291.381921291108
1111626053814730010,735.3373015873016,63,0.6875,0.40795998872921946,27298.925951363446,46004.53993055555,95745.64303713536,116255.50792039232,161351.92520490417,195915.44245364662
1124052077567202180,1200.0,8,1.0,0.40795998872921946,44549.230769230766,109200.0,112995.94785500268,133505.81273825964,276978.01494450704,327252.22185176885
1125970477826966385,542.31282,65,1.0,0.40795998872921946,20133.01580607692,49350.46662,88579.73289184883,109089.5977751058,217128.48156450706,267402.68847176887
1131810056799937593,735.2465277777778,72,0.9375,0.40795998872921946,27295.556031873217,62725.71940104167,95742.27311764513,116252.1380009021,220017.60841151705,267149.677387075
1137698308528017474,668.6792452830189,53,0.875,0.40795998872921946,24824.288340590225,53243.58490566038,93271.00542636214,113780.8703096191,200049.34798210405,244039.2790259581
1139831117529014384,582.2564102564103,78,0.8125,0.40795998872921946,21615.895989480603,43050.583333333336,90062.61307525252,110572.47795850948,179370.22047574533,220218.01358789552
1147824179020677628,455.1309523809524,42,1.0,0.40795998872921946,16896.44485653236,41416.91666666667,85343.16194230427,105853.02682556123,209194.93161117373,259469.13851843553
1153493820067017135,413.6301164912281,57,1.0,0.40795998872921946,15355.75292722627,37640.340600701755,83802.47001299818,104312.33489625514,205418.35554520882,255692.5624524706
1153552657765472365,390.9880954285714,35,0.9375,0.40795998872921946,14515.182409391206,33356.17189124999,82961.89949516312,103471.76437842008,190648.06090172537,237780.1298772833
1161796266594364332,450.0,25,1.0,0.40795998872921946,16705.961538461535,40950.0,85152.67862423345,105662.54350749041,208728.01494450707,259002.22185176885
1161927707286622818,213.4603415625,32,0.9375,0.40795998872921946,7924.578346955528,18210.835389550783,76371.29543272745,96881.16031598441,175502.72440002614,222634.79337558406
1163772289534164479,1749.5887096774193,62,0.4375,0.40795998872921946,64952.35931555003,69655.50050403226,133399.07640132195,153908.9412845789,143058.3820422541,165053.34756418114
1171049670344322120,678.1803278688525,61,1.0,0.40795998872921946,25177.009941151744,61714.40983606558,93623.72702692366,114133.59191018062,229492.42478057265,279766.6316878344
1173260792743932663,1070.3978516129034,31,0.3125,0.40795998872921946,39737.834088660056,30439.438905241943,108184.55117443198,128694.41605768894,82870.0685754004,98580.75823391971
1174263938200349649,550.8371204545455,88,0.1875,0.40795998872921946,20449.474996156758,9398.658367755683,88896.19208192868,109406.05696518563,40857.03616985076,50283.44996496234
1179103047052148475,704.25,36,0.875,0.40795998872921946,26144.829807692306,56075.90625,94591.54689346423,115101.41177672119,202881.6693264437,246871.60037029773
1181723518413479765,524.3837209302326,86,0.3125,0.40795998872921946,19467.40949612403,14912.16206395349,87914.12658189595,108423.99146515291,67342.79173411195,83053.48139263126
1181933658424522281,389.0769230769231,65,0.75,0.40795998872921946,14444.231360946744,26554.5,82890.94844671866,103400.81332997562,152388.0112083803,190093.66638882662
1181944920258781413,396.4222226666667,75,0.5,0.40795998872921946,14716.920899690596,18037.211131333333,83163.63798546251,103673.50286871947,101926.21860358687,127063.32205721775
1181971107577983158,398.7777782608696,69,0.8125,0.40795998872921946,14804.369391153845,29484.631980163045,83251.08647692576,103760.95136018272,165804.26912257503,206652.06223472522
1182018398755268829,662.5491803278688,61,0.75,0.40795998872921946,24596.713608659098,45218.98155737705,93043.43069443101,113553.29557768797,171052.49276575737,208758.14794620365
1182028381058524086,544.1919181818181,33,1.0,0.40795998872921946,20202.7761215268,49521.46455454545,88649.49320729871,109159.35809055567,217299.4794990525,267573.6864063143
1182040498646675653,642.82,50,0.8125,0.40795998872921946,23864.280435897435,47528.50375,92310.99752166936,112820.86240492632,183848.140892412,224695.93400456218
1182043782165637473,531.6666666666666,72,0.5,0.40795998872921946,19737.784188034184,24190.833333333332,88184.5012738061,108694.36615706306,108079.84080558686,133216.94425921777
1182070530301053205,525.6830357142857,56,1.0,0.40795998872921946,19515.645724587906,47837.15624999999,87962.36281035983,108472.22769361679,215615.17119450707,265889.37810176885
1182188163181410725,934.5365853658536,82,0.5625,0.40795998872921946,34694.071669793615,47836.59146341463,103140.78875556553,123650.65363882249,142211.72486969986,170490.9662550346
1183418487997408853,533.1349206349206,63,0.8125,0.40795998872921946,19792.292175417173,39418.66319444444,88239.00926118909,108748.87414444605,175738.30033685642,216586.0934490066
1184078920130796920,414.3142857142857,70,1.0,0.40795998872921946,15381.152271062268,37702.6,83827.86935683418,104337.73424009114,205480.61494450708,255754.82185176885
1184152596221501552,535.25,74,0.5625,0.40795998872921946,19870.81314102564,27398.109375,88317.53022679756,108827.39511005452,121773.24278128523,150052.48416661998
1187061700423806804,550.8493150684932,73,0.625,0.40795998872921946,20449.92771338251,31329.55479452055,88896.64479915443,109406.50968241139,136190.81413483748,167612.19345187608
1187558666042801587,602.78125,64,0.75,0.40795998872921946,22377.86750801282,41139.8203125,90824.58459378473,111334.4494770417,166973.3315208803,204678.98670132662
1187772975255244525,393.21428634920636,63,0.875,0.40795998872921946,14597.828320274315,31309.687550555554,83044.54540604624,103554.4102893032,178115.45062699926,222105.3816708533
1188323084225041810,531.0075742424243,66,0.6875,0.40795998872921946,19713.315804279333,33221.16136354167,88160.03289005125,108669.89777330821,148568.54663789028,183132.06388663276
1188339469325210376,543.5373134328358,67,0.9375,0.40795998872921946,20178.474339839264,46370.52705223881,88625.19142561118,109135.05630886814,203662.41606271418,250794.4850382721
1188476386889166335,543.0013015625,64,0.6875,0.40795998872921946,20158.575242750398,33971.518929003905,88605.29232852231,109115.15721177927,149318.90420335252,183882.421452095
1189331897618015345,670.1357532258065,62,1.0,0.40795998872921946,24878.360264307277,60982.353543548394,93325.0773500792,113834.94223333616,228760.36848805548,279034.5753953172
1191261348067720296,670.0573770491803,61,1.0,0.40795998872921946,24875.45059899117,60975.22131147541,93322.16768476309,113832.03256802005,228753.23625598248,279027.4431632443
1191386301072209798,541.2826086956521,69,0.875,0.40795998872921946,20094.76987179487,43099.627717391304,88541.48695756678,109051.35184082374,189905.390793835,233895.32183768903
1192836728602105901,542.1283783783783,74,0.625,0.40795998872921946,20126.168529106024,30833.551520270266,88572.88561487795,109082.7504981349,135694.81086058717,167116.1901776258
1193347652334673191,832.1296296296297,54,1.0,0.40795998872921946,30892.279083570753,75723.7962962963,99338.99616934267,119848.86105259963,243501.8112408034,293776.01814806514
1193414131980072087,649.4910714285714,56,0.9375,0.40795998872921946,24111.93968635531,55409.70703125,92558.65677212723,113068.52165538419,212701.59604172537,259833.6650172833
1193496259129259761,676.5526315789474,76,0.5625,0.40795998872921946,25116.582759784073,34631.037828947374,93563.29984555599,114073.16472881295,129006.1712352326,157285.41262056737
1195858349379362032,765.8333333333334,48,1.0,0.40795998872921946,28431.071581196582,69690.83333333334,96877.7886669685,117387.65355022546,237468.8482778404,287743.05518510216
1197121947398131654,408.64,50,0.9375,0.40795998872921946,15170.49805128205,34862.1,83617.21513705397,104127.08002031092,192153.98901047537,239286.0579860333
1197195878719681680,405.2369803125,64,0.9375,0.40795998872921946,15044.16312680649,34571.77988291016,83490.88021257841,104000.74509583537,191863.66889338553,238995.73786894346
1198703061430420363,374.7,40,1.0,0.40795998872921946,13910.497307692305,34097.7,82357.21439346422,102867.07927672118,201875.71494450705,252149.92185176886
1199996219082185363,212.35185185185185,54,0.625,0.40795998872921946,7883.426377018043,12077.511574074073,76330.14346278996,96840.00834604692,116938.77091439099,148360.1502314296
1203075817950465589,1407.5,28,0.625,0.40795998872921946,52252.53525641025,80051.5625,120699.25234218217,141209.1172254391,184912.82184031693,216334.20115735554
1203140233522044896,441.63835616438354,73,0.875,0.40795998872921946,16395.540871092377,35165.45410958904,84842.2579568643,105352.12284012126,181971.21718603274,225961.14822988678
1207335703563012811,434.6216216216216,74,0.6875,0.40795998872921946,16135.049099099097,27191.015202702703,84581.76618487101,105091.63106812797,142538.4004770513,177101.91772579378
1207338410880339003,439.0923698795181,83,0.3125,0.40795998872921946,16301.022762309238,12486.689268448798,84747.73984808115,105257.60473133811,64917.318938607255,80628.00859712657
1207383031689344642,622.3880597014926,67,0.8125,0.40795998872921946,23105.757749712975,46017.81716417911,91552.4748354849,112062.33971874186,182337.4543065911,223185.2474187413
1207864392976162235,510.2837837837838,74,0.125,0.40795998872921946,18943.958367983367,5804.478040540541,87390.67545375528,107900.54033701224,26776.729908603924,33061.005772011646
1207881809440158991,438.93495975609756,82,0.5625,0.40795998872921946,16295.179012381173,22467.983252515245,84741.89609815308,105251.76098141004,116843.11665880047,145122.3580441352
1207940918769840398,403.78921617647063,68,0.9375,0.40795998872921946,14990.415811310331,34448.26750505515,83437.13289708225,103946.99778033921,191740.1565155305,238872.22549108844
1207992119242235910,401.09132465753424,73,0.625,0.40795998872921946,14890.258318087459,22812.06908989726,83336.97540385938,103846.84028711634,127673.32843021417,159094.7077472528
1208704132667695539,587.7417582417582,91,0.0,0.40795998872921946,21819.536017187937,0.0,90266.25310295986,110776.11798621682,0.0,0.0
1208718899534488031,440.04888933333336,75,0.6875,0.40795998872921946,16336.532933878632,27530.55863891667,84783.25001965056,105293.11490290752,142877.94391326528,177441.46116200776
1208735754877396448,435.2173913043478,69,0.875,0.40795998872921946,16157.166666666664,34654.18478260869,84603.88375243859,105113.74863569555,181459.9478590524,225449.87890290644
1208746927423730353,401.85648194444445,72,0.6875,0.40795998872921946,14918.66429187856,25141.146151649307,83365.38137765048,103875.24626090744,140488.5314259979,175052.0486747404
1208757710030861160,404.64785,62,1.0,0.40795998872921946,15022.292041602563,36822.95435,83469.00912737448,103978.87401063144,204600.96929450706,254875.17620176886
1208757855935244741,403.81216984126985,63,0.9375,0.40795998872921946,14991.267951402115,34450.22573958334,83437.98503717403,103947.84992043099,191742.1147500587,238874.18372561663
1213824251801309412,1063.9714285714285,70,1.0,0.40795998872921946,39499.257252747244,96821.4,107945.97433851915,128455.83922177611,264599.41494450707,314873.6218517688
1214464056304542513,676.777027027027,74,0.625,0.40795998872921946,25124.913296950792,38491.69341216216,93571.63038272271,114081.49526597967,143352.95275247906,174774.3320695177
1216602433904805187,524.1402111111111,63,0.875,0.40795998872921946,19458.36935018518,41734.66430972222,87905.0864359571,108414.95131921406,188540.42738616592,232530.35843001996
1219597802580113056,533.3492063492064,63,0.875,0.40795998872921946,19800.247395197395,42467.93055555556,88246.96448096931,108756.82936422627,189273.69363199925,233263.6246758533
1219655958873769070,668.3942791044776,67,0.8125,0.40795998872921946,24813.709153882508,49419.40201128732,93260.42623965442,113770.29112291138,185739.0391536993,226586.8322658495
1226846054624436877,666.3235294117648,68,0.625,0.40795998872921946,24736.833898944195,37897.15073529412,93183.55098471612,113693.41586797308,142758.41007561103,174179.78939264966
1226856286781952840,678.9347826086956,69,1.0,0.40795998872921946,25205.018589743588,61783.065217391304,93651.7356755155,114161.60055877246,229561.08016189837,279835.28706916014
1233370107101543516,416.4651162790698,43,1.0,0.40795998872921946,15461.000477042337,37898.32558139535,83907.71756281426,104417.58244607122,205676.34052590243,255950.5474331642
1233973103621276698,403.1132075471698,53,0.875,0.40795998872921946,14965.319424286405,32097.889150943396,83412.03651005833,103921.90139331529,178903.6522273871,222893.58327124114
1233994658216308874,416.84375,48,0.875,0.40795998872921946,15475.057011217947,33191.18359375,83921.77409698986,104431.63898024682,179996.9466701937,223986.87771404773
1234084273027568746,397.34313725490193,51,0.9375,0.40795998872921946,14751.109263448967,33898.336397058825,83197.82634922088,103707.69123247784,191190.2254075342,238322.2943830921
1236367599770739400,579.1864406779661,59,0.75,0.40795998872921946,21501.92533681008,39529.47457627118,89948.642422582,110458.50730583895,165362.98578465148,203068.64096509782
1238321506456103932,731.2828947368421,76,0.9375,0.40795998872921946,27148.408696018887,62387.57195723684,95595.1257817908,116104.99066504776,219679.46096771222,266811.52994327014
1242713378625026725,574.1086956521739,69,0.8125,0.40795998872921946,21313.417307692303,42448.16168478261,89760.13439346422,110269.99927672118,178767.7988271946,219615.59193934477
1248514191377483703,479.6857142857143,70,0.9375,0.40795998872921946,17808.02465201465,40923.1875,86254.74173778656,106764.60662104352,198215.07651047537,245347.1454860333
1249371220066552412,538.9565217391304,69,0.75,0.40795998872921946,20008.415384615382,36783.78260869565,88455.1324703873,108964.99735364426,162617.29381707596,200322.94899752227
1249385754807434824,536.7380952380952,63,1.0,0.40795998872921946,19926.05772283272,48843.166666666664,88372.77480860463,108882.6396918616,216621.18161117373,266895.38851843553
1249919049392818339,555.7702702702703,74,0.75,0.40795998872921946,20632.61502079002,37931.32094594595,89079.33210656194,109589.1969898189,163764.83215432626,201470.48733477257
1254384361135492137,540.3888888888889,81,0.625,0.40795998872921946,20061.591096866097,30734.618055555555,88508.30818263802,109018.17306589498,135595.87739587246,167017.2567129111
1257312272803306995,538.1472602739726,73,0.8125,0.40795998872921946,19978.37207147875,39789.263056506854,88425.08915725067,108934.95404050763,176108.90019891883,216956.69331106904
1259534245145609058,446.00709814814815,54,0.8125,0.40795998872921946,16557.727616764005,32976.649819328704,85004.44470253593,105514.30958579289,169296.2869617407,210144.0800738909
1260073533686146608,443.3095238095238,63,0.75,0.40795998872921946,16457.581898656896,30255.875,84904.29898442881,105414.16386768577,156089.3862083803,193795.04138882662
1262982199583014782,716.3421052631579,76,0.5625,0.40795998872921946,26593.741464237515,36667.7615131579,95040.45855000944,115550.3234332664,131042.89491944312,159322.13630477787
1263128865886946817,527.25,76,0.625,0.40795998872921946,19573.818269230767,29987.34375,88020.53535500268,108530.40023825964,134848.60309031693,166269.98240735554
1264729892004302735,455.84,35,1.0,0.40795998872921946,16922.76779487179,41481.439999999995,85369.48488064371,105879.34976390067,209259.45494450707,259533.66185176885
1265161823691467042,578.2898550724638,69,0.75,0.40795998872921946,21468.64017094017,39468.28260869565,89915.35725671209,110425.22213996905,165301.79381707596,203007.44899752227
1265295313956605287,401.67351643835616,73,0.875,0.40795998872921946,14911.871814750613,31983.25374640411,83358.58890052253,103868.45378377949,178789.0168228478,222778.94786670184
1265370363028714118,409.03333333333336,60,0.8125,0.40795998872921946,15185.100299145297,30242.902083333334,83631.81738491722,104141.68226817418,166562.5392257453,207410.33233789552
1266717192483343855,600.0,62,1.0,0.40795998872921946,22274.615384615383,54600.0,90721.33247038731,111231.19735364427,222378.01494450707,272652.22185176885
1269623861253689862,404.8591948275862,58,0.875,0.40795998872921946,15030.138082849246,32236.91338814655,83476.85516862116,103986.72005187812,179042.67646459024,223032.6075084443
1269636598524749154,404.33597936507937,63,1.0,0.40795998872921946,15010.714044198206,36794.57412222222,83457.43112997012,103967.29601322708,204572.5890667293,254846.79597399107
1271171762063321920,581.25,56,0.8125,0.40795998872921946,21578.533653846152,42976.171875,90025.25073961807,110535.11562287503,179295.809017412,220143.60212956218
1272260793182499350,569.5251853333333,45,1.0,0.40795998872921946,21143.25742525299,51826.79186533333,89589.9745110249,110099.83939428187,219604.8068098404,269879.0137171022
1272537775161574422,524.2546296296297,54,0.6875,0.40795998872921946,19462.617064339982,32798.68026620371,87909.3341501119,108419.19903336886,148146.0655405523,182709.5827892948
1274055523929375490,557.8550724637681,69,0.8125,0.40795998872921946,20710.011965811962,41246.409420289856,89156.72905158388,109666.59393484084,177566.04656270184,218413.83967485203
1274533646308060247,529.1090543209876,81,0.625,0.40795998872921946,19642.834469195946,30093.077464506172,88089.55155496787,108599.41643822483,134954.33680482308,166375.7161218617
1274679812745645557,529.9485294117648,68,0.8125,0.40795998872921946,19673.99944381599,39183.06939338236,88120.71652958791,108630.58141284487,175502.70653579434,216350.49964794453
1277103969415516416,454.006172962963,54,0.875,0.40795998872921946,16854.688141651946,36150.24152217593,85301.40522742386,105811.27011068082,182956.00459861962,226945.93564247366
1277671971539993475,281.9166666666667,30,1.0,0.40795998872921946,10465.975534188034,25654.416666666668,78912.69261995995,99422.55750321691,193432.43161117373,243706.6385184355
1280559161534348023,591.6588235294117,85,0.375,0.40795998872921946,21964.954555052787,20190.357352941173,90411.6716408247,110921.53652408166,83107.11295713132,101959.94054735449
1282577030741754149,401.4427865671642,67,0.8125,0.40795998872921946,14903.306116186375,29681.6760318097,83350.02320195829,103859.88808521525,166001.3131742217,206849.10628637188
1282585098065467787,403.7604171875,64,0.9375,0.40795998872921946,14989.346667305688,34445.8105913086,83436.0637530776,103945.92863633456,191737.69960178397,238869.7685773419
1283982403734255309,521.1935483870968,62,0.875,0.40795998872921946,19348.976385442515,41500.03629032258,87795.69347121443,108305.55835447139,188305.79936676627,232295.7304106203
1284110666632259028,543.5342465753424,73,0.875,0.40795998872921946,20178.360484720757,43278.91438356164,88625.07757049268,109134.94245374964,190084.67746000533,234074.60850385937
1285538056394050628,1025.8373493975903,83,0.125,0.40795998872921946,38083.554008341045,11668.899849397589,106530.27109411296,127040.13597736992,32641.151717460973,38925.427580868694
1292815457899461748,800.3112244897959,49,0.8125,0.40795998872921946,29711.04118916797,59173.011160714275,98157.75827493989,118667.62315819685,195492.64830312628,236340.44141527644
1297930390704189766,557.7142857142857,70,0.875,0.40795998872921946,20704.785347985344,44407.99999999999,89151.50243375727,109661.36731701423,191213.7630764437,235203.69412029773
1297930815921503919,898.3277027027027,74,0.75,0.40795998872921946,33349.84011174636,61310.86570945946,101796.55719751827,122306.42208077523,187144.37691783978,224850.0320982861
1303745304497797235,676.85,70,0.75,0.40795998872921946,25127.622371794867,46195.0125,93574.33945756679,114084.20434082375,172028.5237083803,209734.17888882663
1304403734260231676,570.1801470588235,68,0.75,0.40795998872921946,21167.572459464554,38914.795036764706,89614.28954523648,110124.15442849344,164748.306245145,202453.96142559132
1304433283397417052,1073.1461538461538,65,0.75,0.40795998872921946,39839.86304733727,73242.22499999999,108286.58013310918,128796.44501636614,199075.73620838032,236781.3913888266
1307990676918354925,547.246835443038,79,0.6875,0.40795998872921946,20316.187966569294,34237.13014240506,88762.90505234122,109272.76993559817,149584.51541675365,184148.03266549617
1311575286815584867,790.9603670731707,82,0.5625,0.40795998872921946,29363.89660171513,40487.28378955792,97810.61368748704,118320.478570744,134862.41719584315,163141.6585811779
1312949509621922876,546.375,68,0.9375,0.40795998872921946,20283.821634615382,46612.6171875,88730.5387203873,109240.40360364426,203904.50619797537,251036.5751735333
1313064371372817918,880.0,83,0.375,0.40795998872921946,32669.435897435895,30030.0,101116.15298320781,121626.01786646477,92946.75560419016,111799.58319441331
1314095834089788250,794.9188051282051,78,0.75,0.40795998872921946,29510.851077047988,54253.20844999999,97957.56816281991,118467.43304607687,180086.71965838032,217792.3748388266
1315954985293478319,813.9578313253012,83,0.25,0.40795998872921946,30217.66272011121,18517.5406626506,98664.37980588313,119174.24468914009,60462.04439877737,73030.59612559281
1318315111310867765,752.7510283950617,81,0.5625,0.40795998872921946,27945.399396456152,38531.44326597222,96392.11648222807,116901.98136548503,132906.57667225745,161185.8180575922
1318376138623084691,785.413725882353,85,0.375,0.40795998872921946,29157.981103045247,26802.2433957353,97604.69818881716,118114.56307207412,89718.99899992545,108571.82659014862
1320994692912931266,1430.0,79,0.75,0.40795998872921946,53087.83333333333,97597.5,121534.55041910525,142044.4153023622,223431.0112083803,261136.66638882662
1320995339425720277,679.8121218181818,55,1.0,0.40795998872921946,25237.589245498835,61862.90308545455,93684.30633127075,114194.17121452771,229640.9180299616,279915.1249372234
1321022086036905023,871.4623023809525,84,0.4375,0.40795998872921946,32352.479346211843,34695.092913541666,100799.19643198376,121309.06131524072,108097.97445176351,130092.93997369053
1321134786322096510,748.2,65,1.0,0.40795998872921946,27776.44538461538,68086.2,96223.1624703873,116733.02735364425,235864.21494450705,286138.42185176886
1329787295308110610,935.0,71,1.0,0.40795998872921946,34711.27564102564,85085.0,103157.99272679756,123667.85761005452,252863.01494450707,303137.22185176885
1333504785474035960,588.6463414634146,82,0.5625,0.40795998872921946,21853.118089430893,30131.334603658535,90299.83517520281,110809.70005845977,124506.46800994375,152785.7093952785
